timestamp,block_number,tx_hash,log_index,price,source
1767170135,24131451,0x989f323fb69e00fa521ed4cb9ff90835906cd6d5120167adab6d5624d0c858dc,1361,0.851559257902854,stitched_market_reference
1767250823,24138147,0x1185bd2284ce17d47b77814c81fde616f75f74ed590feedf319a213a25399d83,239,0.8515731768860071,stitched_market_reference
1767254423,24138443,0xc6b25bc124ccbc06b03583bb595a5ef3e2f1c276040353eb371bb5a38eeb47bc,226,0.8515890295345063,stitched_market_reference
1767256547,24138620,0x33ae737714c20fab7932ec6ca221890ea087ec9a574403c84cbf301b1b6d6313,128,0.8502195730801261,stitched_market_reference
1767423647,24152490,0x1b4a742546ee448b7f8a84afb0f14bb483ff54fbcd4dbea1ad7380aec389b266,190,0.8519663863191821,stitched_market_reference
1767427223,24152785,0xca5115a3820954be456c31cc762de5108eb587cf0ddb4773aecc7c1d9ec89f89,320,0.8519353184326717,stitched_market_reference
1767429383,24152964,0x26710509d2db2a9151fbae4cfb10190a9a0dfcd4e7aee7ba79ec8932d2773576,169,0.8535314619328642,stitched_market_reference
1769756435,24346050,0x0a6dfc99ddac2fa52d5522e18f202bd5f688ec284c99789f0f4941619beac909,527,0.8376831850075213,stitched_market_reference
1769760035,24346348,0x8ae715fad08053dcb5885d2de8ce8fbcb9f156344cc931530dedf3e8e385a8f2,329,0.8376397900276208,stitched_market_reference
1769786075,24348513,0x6cf7704bb3fb1b2af6e230e5794f1e1ff45aecd1d9515a9b948e464d7c0ec9ce,542,0.8401924217551325,stitched_market_reference
1769797259,24349441,0xe74fba8ad3ec99ffdbd4f1e3ae7a5a0f108c5e0b2d17dc8c3006648bcce945b5,766,0.8427968019480786,stitched_market_reference
1769842847,24353223,0xe7c3464b71fceb7a8e4ceee423ef296811e33261428119d3bacf2678f439e8b9,291,0.842728016575597,stitched_market_reference
1769846435,24353521,0xcd9c21d322c8268e928ad441a0005283dfe37213f14067e8dddbeff669fcbf23,835,0.8427578103623785,stitched_market_reference
1769883719,24356615,0x300b30699565cc23cc9371a47511ee110caaec946b445eb674d156c229aa6221,1276,0.8434762867177427,stitched_market_reference
1769895239,24357567,0xe1f30bcbd1e611ba5c1fa7964d7286d9eb870187e83daa29119a49d238a6df5a,491,0.8462029090861871,stitched_market_reference
1769929247,24360383,0x584ff3a42c7bcfb96887b9ebb23837de7d902a19421383928ea2e3c0317d7129,148,0.8462773594341665,stitched_market_reference
1769932847,24360683,0xc6d89f8091e751c8fe95e6a2b34158688305a1dee6175714ba8ebad98193d4e1,177,0.8463066316687672,stitched_market_reference
1769981651,24364727,0xde32ac5fe23111dfd036786b6327f0cc795534936bfe61c49e9ec2b4c4598aac,276,0.8441603659824802,stitched_market_reference
1770015659,24367545,0xe0eb45d1982d439065e0cda8d3187c6c36d2c6e101f4eda094b8689e4685f219,12,0.8441075680968815,stitched_market_reference
1770019223,24367841,0x9e5b0388da555e7e50124ffd1848931a814020fb3f7cfb8090caae1c0e68bcb3,440,0.8440653500530635,stitched_market_reference
1770045251,24370000,0x68f6a293dffad24a55d2d48b49c53b331a35c9b48cdbcde174e24d18bdedcf42,334,0.8466279283468121,stitched_market_reference
1772175647,24546633,0x49577a06147097c918e1a5189499563321b8a0f8c9982d2cdeaed675ae68f063,181,0.8491706706266778,stitched_market_reference
1772179247,24546932,0xda49d313f01b1f1078d0cb86dfe9294e8dfecb133c1a3c44d97f9658ffb577a7,384,0.8491127826620612,stitched_market_reference
1772179763,24546975,0x1bcbea278e6a1cf4b8e83f0d4d0fbb8d61e1ef9cfa6c0ce41b44d679507c7944,69,0.8465368618198664,stitched_market_reference
1772266187,24554144,0xf7c781a0d3290bdebddbd0a87b8afdee5b2d8b472da0f99e47926a5bb9dfd46d,1039,0.8477561576306446,stitched_market_reference
1772348459,24560962,0x0a19f5089797422b49cf824f37df71c07e77cd306757419e34dc034b3b60ce5b,63,0.8477293773159748,stitched_market_reference
1772352035,24561260,0x913223efa293636cc1501ed2ab05dc9cefb04e34ead1ea8fecc7ec3ed7c4a2b8,134,0.8477265797522391,stitched_market_reference
1772352599,24561307,0x75caa0e5fabe5402091a5763a85774fc06110df255ff37f70c0a3809a9c39e62,229,0.8472012866783485,stitched_market_reference
1772403599,24565543,0xde6d779c9d7c10d40e97781b5b3bd027433186a8447e66187a0923efff1a40a9,411,0.8497752291472984,stitched_market_reference
1772434859,24568132,0xd7ae3506cde6072d04c82ee0624d7e35e6b102607d429d9f6928c423a78fb1fe,306,0.8497952843160083,stitched_market_reference
1772435147,24568156,0xab5c03c4988c01d2cea0922561b7160bdee8bac00bdc90827d80a1c559b0b3d5,720,0.8523956199582877,stitched_market_reference
1772438435,24568429,0x24627e12048d43beb8b4cd06e120098eba58d7f5d854302f4764a96780403b72,71,0.8523730740941398,stitched_market_reference
1772466371,24570744,0x619fc656dd08fa70764868aa94b8e1242a3eb1d427804c3920875fc5cf446256,1338,0.854948959778743,stitched_market_reference
1774781855,24762791,0xa7f72fc8a5cc4585b375c7ecd9ec761bbfd95c110f19c5b196bbcf4db7bc0cee,151,0.869626418417604,stitched_market_reference
1774940471,24775959,0xba055a45ab1b278a075781649263f4ba9e9c8a2b9e1831c9d944dc889af1e9fb,424,0.8726722080825168,stitched_market_reference
1774944035,24776256,0x7124147c5eaf4aa7f4cd4d07418f1df845c279aad6e61b24fe44be79e3b2f4e9,380,0.8726711953979353,stitched_market_reference
1774958675,24777470,0x0d3df3f9ca087f0ebd61bb54745f5ec60d3a75142441b3d438bba8fe2885cfc5,90,0.870020347961544,stitched_market_reference
1774965371,24778028,0x80fd0265ee02c7ce890d769783d70df258a6b638872e4c96413ac936928642f3,94,0.8674019191140047,stitched_market_reference
1774999583,24780859,0x7a702e248463676a3c8db8def6ef4dde1348b25c660e8b36228003370ef0f681,196,0.8647637648941959,stitched_market_reference
1775026847,24783121,0x68474de3c23efc5226f0f6978059a8ccc07b1329f9bccdcf5c5b297dc4bbffca,180,0.8648852672768235,stitched_market_reference
1775030447,24783419,0x37854da6bdf8b46988bf67f2a222ea838b8efdafe70df4af59b1db00bbc0b274,304,0.8649163673882899,stitched_market_reference
1775032367,24783579,0xedc40fe755b3350c9609aa133cd9b9986969f8b5349d2373ff410417e08c45a0,490,0.8622969398766073,stitched_market_reference
1775286095,24804652,0xdd6f795207162f21c4156a33d9a4a3fbac0f454aeff06db57009c0d24492d2cc,594,0.8681179708204049,stitched_market_reference
1775289611,24804945,0x865d09205f3f3a13f2c63a3b6c6faee1b1407f85538c582714b71f9b79f82551,154,0.8681043229921429,stitched_market_reference
1777186859,24962561,0xc53f99b4f060c1ab89781ec89cda5aa553410483c896d4dc181f2d051da282c5,525,0.8533978577392425,stitched_market_reference
1777190435,24962858,0x36f87f69300c8dcbe4f08d92eb05fc647c3a4c2cda4ccb977f6c097526349f00,474,0.8533959800515138,stitched_market_reference
1777200935,24963732,0xf2c65dec467903954b0568dee18d80e5473723dbfe135e1d67ebd55f4e03bf60,344,0.8534431518163886,stitched_market_reference
1777532459,24991291,0x04f3a5c475eb28a0b48919283e72e2f14b9fe457fd4fd3015dcdb8bdf31443ae,244,0.8569196242879237,stitched_market_reference
1777536023,24991587,0x9b00f490734d5c81aebf9559a36ab82e654996515e3ce553a6ba8a3d0df61451,220,0.8568683354387417,stitched_market_reference
1777545131,24992346,0x0447c31219baaff7645e4367e5f51ffa1d5c4c683b222547ebbcd68e819a88fc,420,0.8542180254435008,stitched_market_reference
1777618835,24998460,0x746d415f9ab2673d6720becb15aa3243d7abcdc11fa34b69f72e8f1c628907e9,750,0.8541811816144098,stitched_market_reference
1777622435,24998760,0x682662a0f165213acfa249ea6ab8187284ce4399b9b5a7888056a56b9e144623,334,0.8542522033925647,stitched_market_reference
1777624103,24998899,0x34d9c6153bbf47dc3df4ed02273a5c275bedab6c3fb708aa2fb4754f6d0b83dd,144,0.8516668181136653,stitched_market_reference
1777644803,25000619,0x0dfc760a55e6bb6a4239acc1c2576f4bf493d0ac66d4b9f5197e82ce62d91f02,890,0.8490885256297988,stitched_market_reference
1777656887,25001622,0x1e0da9942656991cbc89c582c4e2b4d2a085b2bd94ceac69b7c13433a24f0ff5,651,0.8516791736129983,stitched_market_reference
1777705247,25005647,0x1e5814398e3dbb167ca4efb368e09f2c6c995c081c478c11bb54446cc53a9ebc,333,0.8517075154977378,stitched_market_reference
1777708847,25005947,0xc8229cf685628dcef90d925db136fcf5897ce28f56a6446fa508d93c830bd68b,305,0.8517302861192915,stitched_market_reference
1777743299,25008814,0x80951fc273a6b9978ff0d49f1d08c3974a83aeabb46a316145256f67e4fb8085,477,0.8529167889388594,stitched_market_reference
1780038059,25199392,0xeb61772ab3ce3b25084e1b8f74a23eab52919fd719db50eb5a902c39112f18b2,49,0.8588476250869589,stitched_market_reference
1780041623,25199687,0xb1b56ed32979d0b65c69e19a17488b3baaae47b1a67c9c56a8152dab42867b8a,465,0.8588542328526269,stitched_market_reference
1780064087,25201552,0x90b26067a086911f4a9cd116a492f0f4dc2fcb2c5bbeb906c616c6a99a497a41,677,0.8582691288981787,stitched_market_reference
1780068875,25201951,0xd8abc928dd26322429aa51732d82a8ab91eba8e5a729de68aaf6fea1dc91f409,391,0.8556645213885428,stitched_market_reference
1780210859,25213724,0xf670b7c855561e424e9061515a227a726f53c32fa90fccc7d32766ee4b1debee,885,0.857505904278605,stitched_market_reference
1780214435,25214019,0x9820bafcce3d27f5a24ab8b85ee1953a95aa612b8518792b70e66bc8fe28ed75,447,0.8575068050305089,stitched_market_reference
1780241711,25216282,0xc52249ab0cdba2e113824d68baf2a6c600e9cd4ce319e3981a67648da33a11f5,604,0.8576346674743183,stitched_market_reference
1780297259,25220895,0x266e814bb0ba76241ebf8dd28c288a376a79bc7ae0531353284c5c7b1ae62f6d,91,0.8576393177631596,stitched_market_reference
1780300823,25221189,0x0e8c6459f3142cfaf337af2be426d5a3f82959e966885e1337aeb300763796c6,252,0.8576406219032037,stitched_market_reference
1780321967,25222944,0xe78a28ed55c175a548cc303af6e1bcfed63f7ae1045b05346102d9c919be3cf9,442,0.8602328735101453,stitched_market_reference
1780729259,25256714,0x34b6a8719a7861bffbed65dc62293aa00e23e9d6126c7ac8b9379f5ca8002ab7,231,0.8669848220597877,stitched_market_reference
1780732847,25257012,0x40e146dfcd3dfb88153b2facb6542a614181ed5bacf48f312e77dc76adf03710,261,0.8669811361254994,stitched_market_reference
1780761887,25259426,0xe0e51e6c75007166eedbebc080ce374b86765a5234becf688d2453272cdf3ce7,822,0.8692009822594066,stitched_market_reference
1782630047,25414523,0x25712ed5268cd444f8e78653600d04ebc7304791a9eea2faa93477cc4b977b91,370,0.8774913033613444,stitched_market_reference
1782633683,25414826,0xae3b5e5e74f60795ef01784e858273e47ebaac283ecf89a3362119efd01eb783,16,0.8774046163201802,stitched_market_reference
1782664643,25417398,0xdf32cbfad9cdc6f5a26780685fae0a58759b66b2e42c1998a470180da0de236a,356,0.877672878523832,stitched_market_reference
1782802859,25428864,0x036f58fc2590ca556ba645caa479daa85f2c1e8682024edccba3eb7b9cff865e,91,0.87779721856439,stitched_market_reference
1782806435,25429161,0x5c1320210c465d4187bb9d7b3f45a68dfcc17869b229e5639eecbc3ec6dc5a06,544,0.877832696731486,stitched_market_reference
1782831479,25431236,0x812e0e3ff98fc1d7d661c6361e3fb704646fb38fc6b49476cec910471615d96a,411,0.8751135034729758,stitched_market_reference
