abstain_notional_usd,abstain_positive_lp_loss_usd,all_horizons_observed,all_horizons_observed_rate,any_label_disagreement,any_label_disagreement_rate,count,dimension,group,legacy_abstain,legacy_benign,legacy_toxic,missing_economic_accounting,missing_economic_accounting_rate,missing_usd_conversion,missing_usd_conversion_rate,notional_usd,positive_lp_loss_usd,primary_observed,primary_observed_rate,resolved_label_conflict,resolved_label_conflict_rate,v3_abstain,v3_abstain_rate,v3_benign,v3_benign_rate,v3_toxic,v3_toxic_rate
430497726.50083584,459644.1083635586,82622,0.9260479713068819,46090,0.5165882089217664,89220,month,2025-10,62432,6143,20645,0,0.0,26536,0.2974221026675633,1126918210.2173667,7274493.743589352,84315,0.9450235373234701,927,0.010390047074646941,42181,0.47277516251961443,17922,0.20087424344317417,29117,0.3263505940372114
47817377.34209232,20025.31638567335,5676,0.48633364750235625,5389,0.4617427812526776,11671,month,2026-01,8235,1535,1901,0,0.0,5261,0.4507754262702425,104299543.37595041,601206.2633477474,6410,0.5492245737297575,50,0.004284123040013709,6632,0.5682460800274184,2420,0.20735155513666353,2619,0.22440236483591808
42093136.324042894,43152.11870722126,6514,0.4623793299261783,5903,0.4190090857467348,14088,month,2026-02,10679,1235,2174,0,0.0,6386,0.45329358319136853,75442839.05678497,250959.27947455752,7702,0.5467064168086314,60,0.004258943781942078,8690,0.6168370244179443,2774,0.1969051675184554,2624,0.18625780806360023
28313381.170266468,8285.50936728178,3884,0.4326612454049237,3884,0.4326612454049237,8977,month,2026-03,6244,1033,1700,0,0.0,4186,0.46630277375515206,45986758.27965433,129029.3598758018,4791,0.5336972262448479,26,0.0028962905202183356,5628,0.6269355018380305,1563,0.17411161858081764,1786,0.19895287958115182
15675184.64733109,8290.009492544292,2329,0.5435239206534422,2011,0.46931155192532087,4285,month,2026-04,2622,704,959,0,0.0,1540,0.35939323220536756,26646194.513564132,47343.74960360344,2745,0.6406067677946324,29,0.00676779463243874,2412,0.5628938156359393,906,0.21143523920653443,967,0.22567094515752625
8106272.097084517,1583.2930615868054,1420,0.46511627906976744,1380,0.4520144120537177,3053,month,2026-05,1990,335,728,0,0.0,1216,0.3982967572879135,16112179.365683261,19029.360876684623,1837,0.6017032427120864,63,0.020635440550278415,1801,0.5899115623976416,645,0.2112676056338028,607,0.19882083196855552
10870330.253460811,3918.629808135895,2350,0.5271422162404665,2168,0.48631673396141767,4458,month,2026-06,2810,459,1189,0,0.0,1643,0.3685509196949305,19399546.419722874,40970.87449411186,2815,0.6314490803050695,28,0.006280843427545985,2710,0.6078959174517721,791,0.17743382682817407,957,0.21467025572005383
583373408.3351096,544898.9851860025,104795,0.7719591608226767,66825,0.4922579409511462,135752,overall,all,95012,11444,29296,0,0.0,46768,0.34451057811302965,1414805271.2287133,8363032.6312618265,110615,0.8148314573634274,1183,0.008714420413695563,70054,0.5160439625198892,27021,0.19904679120749602,38677,0.28490924627261477
71301714.86864017,922.915164642628,304,0.04527177959791512,3179,0.47341772151898737,6715,pool,eurc_usdc_500,4002,887,1826,0,0.0,5525,0.8227848101265823,79682027.42251903,4829.392647211793,1190,0.17721518987341772,74,0.011020104244229337,6079,0.9052866716306776,469,0.06984363365599404,167,0.02486969471332837
0.0,0.0,14785,0.9999323684566482,8492,0.5743270661436494,14786,pool,link_weth_3000,12049,275,2462,0,0.0,14786,1.0,0.0,0.0,14785,0.9999323684566482,42,0.00284052482077641,5407,0.3656837549032869,1475,0.09975652644393344,7904,0.5345597186527796
33455452.396022573,11464.049514874672,10424,0.390499737768787,10578,0.39626882445493367,26694,pool,paxg_usdc_500,19799,3622,3273,0,0.0,13344,0.4998876151944257,59390416.943744585,112523.64310441504,13350,0.5001123848055743,101,0.0037836217876676408,16124,0.604030868359931,6241,0.23379785719637372,4329,0.16217127444369522
0.0,0.0,6846,0.9998539506353147,3786,0.5529428946984081,6847,pool,uni_weth_3000,4999,341,1507,0,0.0,6847,1.0,0.0,0.0,6846,0.9998539506353147,37,0.005403826493354754,2680,0.3914122973565065,1299,0.18971812472615743,2868,0.41886957791733603
90167826.88095108,112798.04440777456,37461,0.8948902319581472,21036,0.5025202455746399,41861,pool,wbtc_usdc_500,27248,3441,11172,0,0.0,3241,0.07742289959628294,195691729.12162802,1470935.9314162603,38620,0.9225771004037171,704,0.016817562886696447,23190,0.553976254747856,10553,0.2520962232149256,8118,0.1939275220372184
388448414.18950427,419713.9760987089,34975,0.9002805735025354,19754,0.5084815567968287,38849,pool,weth_usdc_3000,26915,2878,9056,0,0.0,3025,0.07786558212566604,1080041097.7408352,6774743.664093971,35824,0.9221344178743339,225,0.0057916548688511935,16574,0.4266261679837319,6984,0.17977296712914104,15291,0.3936008648871271
12128539.882166,224.12238372580535,18,0.02425876010781671,507,0.683288409703504,742,pool_month_direction_regime,eurc_usdc_500|2026-01|one_for_zero|stress,280,137,325,0,0.0,640,0.862533692722372,13276478.565331003,224.2498433943343,102,0.13746630727762804,18,0.02425876010781671,671,0.9043126684636119,70,0.09433962264150944,1,0.0013477088948787063
10428815.96708037,133.6301145505386,42,0.052763819095477386,288,0.36180904522613067,796,pool_month_direction_regime,eurc_usdc_500|2026-01|zero_for_one|stress,555,64,177,0,0.0,650,0.8165829145728644,10855484.044561258,425.3687739906224,146,0.18341708542713567,0,0.0,749,0.9409547738693468,8,0.010050251256281407,39,0.048994974874371856
9933975.78083199,0.0,23,0.03155006858710562,442,0.6063100137174211,729,pool_month_direction_regime,eurc_usdc_500|2026-02|one_for_zero|stress,348,68,313,0,0.0,632,0.8669410150891632,12070255.770131983,2806.6628836418013,97,0.13305898491083676,25,0.03429355281207133,643,0.8820301783264746,27,0.037037037037037035,59,0.08093278463648834
7227869.057478704,0.0,39,0.043429844097995544,276,0.30734966592427615,898,pool_month_direction_regime,eurc_usdc_500|2026-02|zero_for_one|stress,697,68,133,0,0.0,761,0.8474387527839644,8375620.510469395,0.0,137,0.15256124721603564,0,0.0,811,0.9031180400890868,87,0.09688195991091314,0,0.0
9827201.517494,150.89384649771267,38,0.04702970297029703,441,0.5457920792079208,808,pool_month_direction_regime,eurc_usdc_500|2026-03|one_for_zero|stress,442,55,311,0,0.0,624,0.7722772277227723,10585200.537072,158.45334285488676,184,0.22772277227722773,1,0.0012376237623762376,732,0.905940594059406,74,0.09158415841584158,2,0.0024752475247524753
6677890.707705289,184.56263567730682,44,0.05219454329774614,427,0.5065243179122183,843,pool_month_direction_regime,eurc_usdc_500|2026-03|zero_for_one|stress,474,204,165,0,0.0,688,0.8161328588374852,7764805.673514381,489.1818534819582,155,0.18386714116251482,0,0.0,783,0.9288256227758007,41,0.04863582443653618,19,0.022538552787663108
4446941.025590002,2.1965018652003163,29,0.07178217821782178,164,0.40594059405940597,404,pool_month_direction_regime,eurc_usdc_500|2026-04|one_for_zero|stress,274,15,115,0,0.0,331,0.8193069306930693,4873042.160079002,243.7960780557931,73,0.1806930693069307,2,0.0049504950495049506,362,0.8960396039603961,22,0.054455445544554455,20,0.04950495049504951
2806059.966660357,49.86237198055926,16,0.042440318302387266,200,0.5305039787798409,377,pool_month_direction_regime,eurc_usdc_500|2026-04|zero_for_one|stress,164,162,51,0,0.0,343,0.9098143236074271,2874911.3900380963,49.86237198055926,34,0.09018567639257294,0,0.0,350,0.9283819628647215,27,0.07161803713527852,0,0.0
1985810.9172650005,0.0,18,0.06545454545454546,118,0.4290909090909091,275,pool_month_direction_regime,eurc_usdc_500|2026-05|one_for_zero|stress,179,29,67,0,0.0,186,0.6763636363636364,2418052.534455,150.5339744142337,89,0.3236363636363636,18,0.06545454545454546,227,0.8254545454545454,36,0.13090909090909092,12,0.04363636363636364
1683256.7600767799,76.06193959601936,11,0.040293040293040296,73,0.2673992673992674,273,pool_month_direction_regime,eurc_usdc_500|2026-05|zero_for_one|stress,216,14,43,0,0.0,226,0.8278388278388278,1834061.4455878197,79.08169062913345,47,0.17216117216117216,8,0.029304029304029304,247,0.9047619047619048,25,0.09157509157509157,1,0.003663003663003663
2154773.848064999,11.745320515327872,20,0.078125,102,0.3984375,256,pool_month_direction_regime,eurc_usdc_500|2026-06|one_for_zero|stress,190,8,58,0,0.0,189,0.73828125,2597806.1003209995,26.630095248026493,67,0.26171875,2,0.0078125,214,0.8359375,36,0.140625,6,0.0234375
2000579.4382265438,89.84005023415823,6,0.01910828025477707,141,0.44904458598726116,314,pool_month_direction_regime,eurc_usdc_500|2026-06|zero_for_one|stress,183,63,68,0,0.0,255,0.8121019108280255,2156308.6909578745,175.5717395204432,59,0.18789808917197454,0,0.0,290,0.9235668789808917,16,0.050955414012738856,8,0.025477707006369428
0.0,0.0,3076,1.0,1804,0.5864759427828349,3076,pool_month_direction_regime,link_weth_3000|2025-10|one_for_zero|normal,2539,53,484,0,0.0,3076,1.0,0.0,0.0,3076,1.0,5,0.001625487646293888,1188,0.3862158647594278,251,0.08159947984395319,1637,0.532184655396619
0.0,0.0,3977,1.0,2264,0.5692733215991954,3977,pool_month_direction_regime,link_weth_3000|2025-10|one_for_zero|stress,3342,84,551,0,0.0,3977,1.0,0.0,0.0,3977,1.0,21,0.005280362081971335,1441,0.36233341714860445,550,0.13829519738496354,1986,0.499371385466432
0.0,0.0,3557,1.0,2207,0.6204666854090526,3557,pool_month_direction_regime,link_weth_3000|2025-10|zero_for_one|normal,2810,35,712,0,0.0,3557,1.0,0.0,0.0,3556,0.9997188642114141,14,0.003935901040202418,1139,0.32021366319932526,224,0.06297441664323869,2194,0.616811920157436
0.0,0.0,4175,0.9997605363984674,2217,0.5308908045977011,4176,pool_month_direction_regime,link_weth_3000|2025-10|zero_for_one|stress,3358,103,715,0,0.0,4176,1.0,0.0,0.0,4176,1.0,2,0.0004789272030651341,1639,0.3924808429118774,450,0.10775862068965517,2087,0.49976053639846746
10688860.414062992,1104.2733480193915,1533,0.505940594059406,1394,0.46006600660066005,3030,pool_month_direction_regime,paxg_usdc_500|2026-01|one_for_zero|stress,2502,1,527,0,0.0,1284,0.42376237623762375,17327755.733472005,38880.66372053529,1746,0.5762376237623762,6,0.0019801980198019802,1656,0.5465346534653466,105,0.034653465346534656,1269,0.4188118811881188
0.42326449085333934,4.03265687533956e-05,1582,0.3616,1544,0.35291428571428574,4375,pool_month_direction_regime,paxg_usdc_500|2026-01|zero_for_one|stress,3008,1175,192,0,0.0,2551,0.5830857142857143,0.7391645233872424,9.560265493168226e-05,1824,0.41691428571428574,3,0.0006857142857142857,2717,0.6210285714285714,1620,0.3702857142857143,38,0.008685714285714286
12253132.435534997,8428.195370248955,1690,0.3746397694524496,1939,0.4298381733540235,4511,pool_month_direction_regime,paxg_usdc_500|2026-02|one_for_zero|stress,3751,2,758,0,0.0,2336,0.517845267124806,20660478.747635014,51849.59915622798,2175,0.48215473287519395,10,0.0022168033695411215,2936,0.6508534692972733,348,0.07714475726003103,1227,0.27200177344269566
0.45064293355875745,4.751753202773609e-05,1886,0.3944781426479816,1712,0.3580840828278603,4781,pool_month_direction_regime,paxg_usdc_500|2026-02|zero_for_one|stress,3712,883,186,0,0.0,2432,0.5086801924283623,0.8382201419804037,0.00023080490386542612,2349,0.49131980757163773,12,0.0025099351600083664,2852,0.5965279230286551,1733,0.3624764693578749,196,0.040995607613469986
5681274.807875996,1296.8215711247688,1090,0.38299367533380185,996,0.3499648629655657,2846,pool_month_direction_regime,paxg_usdc_500|2026-03|one_for_zero|stress,2115,298,433,0,0.0,1430,0.5024595924104006,9603966.849333981,20929.721312637423,1416,0.49754040758959944,2,0.0007027406886858749,1701,0.5976809557273366,380,0.13352073085031624,765,0.26879831342234717
0.19487595669575322,6.660273798778552e-05,950,0.3729878288182175,1075,0.4220651747153514,2547,pool_month_direction_regime,paxg_usdc_500|2026-03|zero_for_one|stress,1850,405,292,0,0.0,1290,0.5064782096584217,0.36600246984008505,0.0001370010259925886,1257,0.49352179034157834,18,0.007067137809187279,1563,0.6136631330977621,823,0.3231252453867295,161,0.06321162151550844
1057045.1001270004,44.78237526734606,464,0.5155555555555555,327,0.36333333333333334,900,pool_month_direction_regime,paxg_usdc_500|2026-04|one_for_zero|stress,382,448,70,0,0.0,271,0.3011111111111111,2890901.7804820007,44.78237526734606,629,0.6988888888888889,17,0.01888888888888889,312,0.3466666666666667,588,0.6533333333333333,0,0.0
0.07275531620922385,9.501351895495261e-06,413,0.5308483290488432,363,0.4665809768637532,778,pool_month_direction_regime,paxg_usdc_500|2026-04|zero_for_one|stress,574,0,204,0,0.0,250,0.3213367609254499,0.10822243509844216,0.00014423206598931947,528,0.6786632390745502,3,0.0038560411311053984,462,0.5938303341902313,14,0.017994858611825194,302,0.38817480719794345
1424094.5523520005,73.68951988967967,216,0.34394904458598724,261,0.4156050955414013,628,pool_month_direction_regime,paxg_usdc_500|2026-05|one_for_zero|stress,342,216,70,0,0.0,275,0.43789808917197454,4592511.005617002,73.68951988967967,353,0.5621019108280255,11,0.01751592356687898,290,0.46178343949044587,338,0.5382165605095541,0,0.0
0.13221145674600587,3.467572492280893e-05,190,0.3104575163398693,227,0.3709150326797386,612,pool_month_direction_regime,paxg_usdc_500|2026-05|zero_for_one|stress,458,0,154,0,0.0,281,0.4591503267973856,0.20460260650145215,0.0003332538680459136,331,0.5408496732026143,2,0.0032679738562091504,423,0.6911764705882353,2,0.0032679738562091504,187,0.3055555555555556
2351043.571573,516.2871119219698,187,0.2457293035479632,508,0.6675427069645203,761,pool_month_direction_regime,paxg_usdc_500|2026-06|one_for_zero|stress,340,192,229,0,0.0,429,0.5637319316688568,4314800.218673998,745.1858859389786,332,0.43626806833114323,12,0.01576872536136662,490,0.6438896189224704,269,0.35348226018396844,2,0.002628120893561104
0.24074628114449617,1.977864636487089e-05,223,0.2410810810810811,232,0.2508108108108108,925,pool_month_direction_regime,paxg_usdc_500|2026-06|zero_for_one|stress,765,2,158,0,0.0,515,0.5567567567567567,0.35231901367768753,0.00019302394199976052,410,0.44324324324324327,5,0.005405405405405406,722,0.7805405405405406,21,0.022702702702702703,182,0.19675675675675675
0.0,0.0,1559,1.0,895,0.5740859525336754,1559,pool_month_direction_regime,uni_weth_3000|2025-10|one_for_zero|normal,1137,93,329,0,0.0,1559,1.0,0.0,0.0,1558,0.9993585631815266,11,0.007055805003207184,565,0.3624118024374599,374,0.23989737010904427,620,0.3976908274534958
0.0,0.0,1552,1.0,811,0.5225515463917526,1552,pool_month_direction_regime,uni_weth_3000|2025-10|one_for_zero|stress,1131,86,335,0,0.0,1552,1.0,0.0,0.0,1552,1.0,8,0.005154639175257732,664,0.42783505154639173,300,0.19329896907216496,588,0.3788659793814433
0.0,0.0,2016,0.9995042141794744,1169,0.579573624194348,2017,pool_month_direction_regime,uni_weth_3000|2025-10|zero_for_one|normal,1439,66,512,0,0.0,2017,1.0,0.0,0.0,2017,1.0,8,0.0039662865642042635,776,0.3847297967278136,280,0.13882002974714924,961,0.47645017352503716
0.0,0.0,1719,1.0,911,0.5299592786503782,1719,pool_month_direction_regime,uni_weth_3000|2025-10|zero_for_one|stress,1292,96,331,0,0.0,1719,1.0,0.0,0.0,1719,1.0,10,0.005817335660267597,675,0.39267015706806285,345,0.2006980802792321,699,0.40663176265270506
39440740.81239988,47011.11068305208,17113,0.9012534232146618,9615,0.5063724457552138,18988,pool_month_direction_regime,wbtc_usdc_500|2025-10|one_for_zero|normal,12443,1397,5148,0,0.0,1360,0.07162418369496525,83318180.05457392,469348.72255196935,17628,0.9283758163050347,326,0.017168738150410787,10504,0.5531914893617021,4368,0.23004002527912365,4116,0.21676848535917423
1774522.398838999,2258.780794094198,583,0.836441893830703,347,0.49784791965566716,697,pool_month_direction_regime,wbtc_usdc_500|2025-10|one_for_zero|stress,485,60,152,0,0.0,111,0.15925394548063126,10653777.292677997,410906.18103883567,586,0.8407460545193687,3,0.00430416068866571,377,0.5408895265423243,162,0.23242467718794835,158,0.2266857962697274
44650690.21973954,54247.022638287446,19218,0.8936941964285714,10784,0.5014880952380952,21504,pool_month_direction_regime,wbtc_usdc_500|2025-10|zero_for_one|normal,13902,1914,5688,0,0.0,1645,0.07649739583333333,90188443.51297294,504103.403266745,19859,0.9235026041666666,367,0.01706659226190476,11953,0.5558500744047619,5873,0.2731119791666667,3678,0.17103794642857142
4301873.449972716,9281.130292340704,547,0.8139880952380952,290,0.43154761904761907,672,pool_month_direction_regime,wbtc_usdc_500|2025-10|zero_for_one|stress,418,70,184,0,0.0,125,0.18601190476190477,11531328.261400545,86577.62455870298,547,0.8139880952380952,8,0.011904761904761904,356,0.5297619047619048,150,0.22321428571428573,166,0.24702380952380953
156801948.27739915,148131.4053987506,8143,0.9182453766350924,4349,0.4904149751917005,8868,pool_month_direction_regime,weth_usdc_3000|2025-10|one_for_zero|normal,6221,724,1923,0,0.0,539,0.06078033378439333,392070524.07562774,1556441.7396245268,8329,0.9392196662156067,44,0.004961659900766802,3618,0.40798376184032475,1441,0.16249436175011275,3809,0.42952187640956246
28039951.777410865,41294.85713741928,1187,0.8484631879914224,795,0.5682630450321658,1399,pool_month_direction_regime,weth_usdc_3000|2025-10|one_for_zero|stress,887,153,359,0,0.0,172,0.12294496068620443,83039641.1716653,385204.5987458937,1227,0.8770550393137956,0,0.0,596,0.4260185847033595,325,0.23230879199428162,478,0.3416726233023588
129376389.46618763,132613.91835153347,12719,0.9279200408550375,6664,0.48617494710731746,13707,pool_month_direction_regime,weth_usdc_3000|2025-10|zero_for_one|normal,9716,1145,2846,0,0.0,736,0.05369519223754286,376851522.0320914,1809371.7210504438,12971,0.9463048077624572,93,0.00678485445392865,5905,0.4308017801123514,2530,0.18457722331655357,5272,0.38462099657109505
26111610.09888299,24805.883068080264,1481,0.8453196347031964,968,0.5525114155251142,1752,pool_month_direction_regime,weth_usdc_3000|2025-10|zero_for_one|stress,1312,64,376,0,0.0,215,0.12271689497716895,79264793.81637503,2052539.752752229,1537,0.877283105022831,7,0.003995433789954338,785,0.4480593607305936,299,0.170662100456621,668,0.3812785388127854
8209600.4218895305,14418.787560127194,907,0.976318622174381,503,0.5414424111948332,929,pool_month_direction_regime,weth_usdc_3000|2026-01|one_for_zero|stress,612,71,246,0,0.0,8,0.008611410118406888,30837251.665012747,135991.15421794297,921,0.9913885898815931,7,0.007534983853606028,276,0.29709364908503766,255,0.2744886975242196,398,0.4284176533907427
6361560.2336289985,4144.502938923862,1594,0.886047804335742,1153,0.6409116175653141,1799,pool_month_direction_regime,weth_usdc_3000|2026-01|zero_for_one|stress,1278,87,434,0,0.0,128,0.07115063924402446,32002572.628409002,425684.8266962817,1671,0.9288493607559756,16,0.008893829905503057,563,0.3129516397998888,362,0.20122290161200668,874,0.4858254585881045
7449793.0748174535,31438.463257763833,1180,0.9007633587786259,683,0.5213740458015267,1310,pool_month_direction_regime,weth_usdc_3000|2026-02|one_for_zero|stress,836,72,402,0,0.0,95,0.07251908396946564,18596909.916606963,99487.31439824824,1215,0.9274809160305344,12,0.00916030534351145,631,0.4816793893129771,241,0.18396946564885497,438,0.33435114503816793
5228365.524737002,3285.4600316909073,1696,0.9123184507799892,851,0.4577729962345347,1859,pool_month_direction_regime,weth_usdc_3000|2026-02|zero_for_one|stress,1335,142,382,0,0.0,130,0.06993006993006994,15739573.273721972,96815.70280563454,1729,0.9300699300699301,1,0.0005379236148466917,817,0.4394835933297472,338,0.18181818181818182,704,0.378698224852071
3452734.335432087,3331.0013604175265,729,0.9158291457286433,406,0.5100502512562815,796,pool_month_direction_regime,weth_usdc_3000|2026-03|one_for_zero|stress,526,25,245,0,0.0,59,0.07412060301507538,9264945.147961373,56604.938368675226,737,0.9258793969849246,1,0.001256281407035176,339,0.4258793969849246,84,0.10552763819095477,373,0.4685929648241206
2674279.6068830024,3322.229886961726,1033,0.9085312225153914,539,0.47405452946350046,1137,pool_month_direction_regime,weth_usdc_3000|2026-03|zero_for_one|stress,837,46,254,0,0.0,95,0.08355321020228672,8767839.705770008,50847.0648611514,1042,0.9164467897977133,4,0.003518029903254178,510,0.44854881266490765,161,0.14160070360598065,466,0.4098504837291117
3634389.498356402,2977.689747050901,541,0.7897810218978102,374,0.545985401459854,685,pool_month_direction_regime,weth_usdc_3000|2026-04|one_for_zero|stress,470,14,201,0,0.0,118,0.17226277372262774,7145728.359696617,17544.26007091532,567,0.8277372262773722,4,0.00583941605839416,338,0.49343065693430654,77,0.11240875912408758,270,0.39416058394160586
3730748.9838419985,5215.478486878929,866,0.7589833479404031,583,0.5109553023663453,1141,pool_month_direction_regime,weth_usdc_3000|2026-04|zero_for_one|stress,758,65,318,0,0.0,227,0.19894829097283084,8861610.715046016,29461.04856315235,914,0.8010517090271692,3,0.0026292725679228747,588,0.5153374233128835,178,0.15600350569675722,375,0.32865907099035935
2025790.5270342657,878.7325929669402,348,0.7631578947368421,267,0.5855263157894737,456,pool_month_direction_regime,weth_usdc_3000|2026-05|one_for_zero|stress,253,26,177,0,0.0,98,0.2149122807017544,3776682.6439108304,8065.983598705769,358,0.7850877192982456,2,0.0043859649122807015,252,0.5526315789473685,60,0.13157894736842105,144,0.3157894736842105
987319.2081449997,554.8089744584414,637,0.7873918417799752,434,0.5364647713226205,809,pool_month_direction_regime,weth_usdc_3000|2026-05|zero_for_one|stress,542,50,217,0,0.0,150,0.18541409147095178,3490871.531509991,10660.071759791923,659,0.8145859085290482,22,0.027194066749072928,362,0.44746600741656367,184,0.22744128553770088,263,0.32509270704573545
2087587.002147996,2010.990691847452,621,0.8846153846153846,330,0.4700854700854701,702,pool_month_direction_regime,weth_usdc_3000|2026-06|one_for_zero|stress,499,25,178,0,0.0,71,0.10113960113960115,4801443.57722498,13054.571561838631,631,0.8988603988603988,4,0.005698005698005698,301,0.4287749287749288,90,0.1282051282051282,311,0.443019943019943
2276346.1527019953,1289.766613838337,1293,0.862,855,0.57,1500,pool_month_direction_regime,weth_usdc_3000|2026-06|zero_for_one|stress,833,169,498,0,0.0,184,0.12266666666666666,5529187.480226006,26968.91501854189,1316,0.8773333333333333,5,0.0033333333333333335,693,0.462,359,0.23933333333333334,448,0.2986666666666667
