stress_threshold_pct,pool,regime,window_count,mean_realized_vol_annualised_pct,mean_dutch_auction_lp_net_vs_hook_quote,mean_dutch_auction_lp_net_vs_fixed_fee_quote,mean_dutch_auction_trigger_rate,mean_dutch_auction_fill_rate,dutch_auction_lp_net_vs_hook_quote_positive_window_count,dutch_auction_lp_net_vs_hook_quote_unchanged_window_count,dutch_auction_lp_net_vs_hook_quote_negative_window_count,dutch_auction_lp_net_vs_fixed_fee_quote_positive_window_count,dutch_auction_lp_net_vs_fixed_fee_quote_unchanged_window_count,dutch_auction_lp_net_vs_fixed_fee_quote_negative_window_count
80.0,all,normal,68,52.12422998763941,1429.4845876015004,8181.303825137674,0.06472293275142611,0.9583769843611982,30,38,0,68,0,0
80.0,all,stress,56,132.4538031017403,1144.1240522409314,4925.444063897312,0.004815280625877928,0.9982456140350877,5,51,0,56,0,0
80.0,0x1d42064fc4beb5f8aaf85f4617ae8b3b5b8bd801,normal,7,64.72193366076112,3.5314013618099285e-18,0.08274250807368713,0.0,,0,7,0,7,0,0
80.0,0x1d42064fc4beb5f8aaf85f4617ae8b3b5b8bd801,stress,24,135.1126326691712,0.3024436238306906,3.5142369170390158,0.0009512937595129375,1.0,1,23,0,24,0,0
80.0,0x8ad599c3a0ff1de082011efddc58f1908eb6e6d8,normal,23,55.70871784600657,5.70196064277594e-16,2.130858644338093,0.0,,0,23,0,23,0,0
80.0,0x8ad599c3a0ff1de082011efddc58f1908eb6e6d8,stress,8,111.03910054546404,8.310873228807468,41.786347680021144,0.005280029869852785,1.0,2,6,0,8,0,0
80.0,0x9a772018fbd77fcd2d25657e5c547baff3fd7d16,normal,30,41.92889953820185,3240.1650652300677,18542.3645981189,0.14670531423656585,0.9583769843611982,30,0,0,30,0,0
80.0,0x9a772018fbd77fcd2d25657e5c547baff3fd7d16,stress,1,168.18161264143723,63947.23130446069,274916.12614215026,0.16654492330168005,0.9912280701754386,1,0,0,1,0,0
80.0,0xa6cc3c2531fdaa6ae1a3ca84c2855806728693e8,normal,8,69.02832586624315,7.28583859910259e-17,1.0166524273159108,0.0,,0,8,0,8,0,0
80.0,0xa6cc3c2531fdaa6ae1a3ca84c2855806728693e8,stress,23,135.5745814187912,2.1726081838725713,21.30908559348179,0.0016538914156674408,1.0,1,22,0,23,0,0
100.0,all,normal,95,62.40281142160302,1023.3929501295711,5857.111678873558,0.04635736973443573,0.9597196622850306,31,64,0,95,0,0
100.0,all,stress,29,173.57219061395344,2208.7437455201703,9507.859248090457,0.009202241978439496,0.9978070175438596,4,25,0,29,0,0
100.0,0x1d42064fc4beb5f8aaf85f4617ae8b3b5b8bd801,normal,20,80.78869937976995,4.4669129506402786e-18,0.15353640611415761,0.0,,0,20,0,20,0,0
100.0,0x1d42064fc4beb5f8aaf85f4617ae8b3b5b8bd801,stress,11,189.08933928091253,0.6598769974487795,7.440923222106275,0.0020755500207555,1.0,1,10,0,11,0,0
100.0,0x8ad599c3a0ff1de082011efddc58f1908eb6e6d8,normal,28,61.102508128405084,0.620653764543808,4.66618208994815,9.966777408637874e-05,1.0,1,27,0,28,0,0
100.0,0x8ad599c3a0ff1de082011efddc58f1908eb6e6d8,stress,3,152.9143624088404,16.36956014107771,84.2158105804657,0.013149847094801223,1.0,1,2,0,3,0,0
100.0,0x9a772018fbd77fcd2d25657e5c547baff3fd7d16,normal,30,41.92889953820185,3240.1650652300677,18542.3645981189,0.14670531423656585,0.9583769843611982,30,0,0,30,0,0
100.0,0x9a772018fbd77fcd2d25657e5c547baff3fd7d16,stress,1,168.18161264143723,63947.23130446069,274916.12614215026,0.16654492330168005,0.9912280701754386,1,0,0,1,0,0
100.0,0xa6cc3c2531fdaa6ae1a3ca84c2855806728693e8,normal,17,79.04446374797,-5.0613108475558606e-17,1.2322189870677307,0.0,,0,17,0,17,0,0
100.0,0xa6cc3c2531fdaa6ae1a3ca84c2855806728693e8,stress,14,166.19186398904668,3.5692848735049387,34.09246180631836,0.0027171073257393668,1.0,1,13,0,14,0,0
120.0,all,normal,107,67.89965440217486,908.6199089935444,5200.407261051059,0.04115841238104107,0.9597196622850306,31,76,0,107,0,0
120.0,all,stress,17,217.44691716613096,3767.856977652055,16218.232397361642,0.015697942198514434,0.9978070175438596,4,13,0,17,0,0
120.0,0x1d42064fc4beb5f8aaf85f4617ae8b3b5b8bd801,normal,24,86.1766715909963,3.2887465898726967e-18,0.15183325580083157,0.0,,0,24,0,24,0,0
120.0,0x1d42064fc4beb5f8aaf85f4617ae8b3b5b8bd801,stress,7,232.5023716430751,1.0369495674195106,11.61098363231889,0.0032615786040443573,1.0,1,6,0,7,0,0
120.0,0x8ad599c3a0ff1de082011efddc58f1908eb6e6d8,normal,30,64.12136546931468,0.579276846907554,4.553791669128009,9.30232558139535e-05,1.0,1,29,0,30,0,0
120.0,0x8ad599c3a0ff1de082011efddc58f1908eb6e6d8,stress,1,245.972350742423,49.10868042323313,246.68678018610504,0.03944954128440367,1.0,1,0,0,1,0,0
120.0,0x9a772018fbd77fcd2d25657e5c547baff3fd7d16,normal,30,41.92889953820185,3240.1650652300677,18542.3645981189,0.14670531423656585,0.9583769843611982,30,0,0,30,0,0
120.0,0x9a772018fbd77fcd2d25657e5c547baff3fd7d16,stress,1,168.18161264143723,63947.23130446069,274916.12614215026,0.16654492330168005,0.9912280701754386,1,0,0,1,0,0
120.0,0xa6cc3c2531fdaa6ae1a3ca84c2855806728693e8,normal,23,87.63108489666534,-3.137586808723268e-17,1.4078800297085374,0.0,,0,23,0,23,0,0
120.0,0xa6cc3c2531fdaa6ae1a3ca84c2855806728693e8,stress,8,206.86587836735504,6.246248528633643,58.23261842316401,0.004754937820043892,1.0,1,7,0,8,0,0
