pool,trigger_gap_bps,base_fee_bps,start_concession_bps,concession_growth_bps_per_sec,max_fee_bps,recapture_pct,auction_clear_rate,mean_solver_payout_bps,n_trigger_events,lp_net_quote_token,fixed_fee_v3_recapture_pct,reprice_execution_rate,window_count
weth_usdc_3000,5.0,1.0,10.0,0.5,500.0,99.89472322913184,1.0,9.998775336367043,1298,-0.9148758770781941,52.10052608292696,1.0,31
weth_usdc_3000,5.0,1.0,10.0,0.5,2500.0,99.89472322913184,1.0,9.998775336367043,1298,-0.9148758770781941,52.10052608292696,1.0,31
weth_usdc_3000,5.0,1.0,10.0,0.5,5000.0,99.89472322913184,1.0,9.998775336367043,1298,-0.9148758770781941,52.10052608292696,1.0,31
weth_usdc_3000,5.0,1.0,10.0,1.0,500.0,99.89472322913184,1.0,9.998775336367043,1298,-0.9148758770781941,52.10052608292696,1.0,31
weth_usdc_3000,5.0,1.0,10.0,1.0,2500.0,99.89472322913184,1.0,9.998775336367043,1298,-0.9148758770781941,52.10052608292696,1.0,31
weth_usdc_3000,5.0,1.0,10.0,1.0,5000.0,99.89472322913184,1.0,9.998775336367043,1298,-0.9148758770781941,52.10052608292696,1.0,31
weth_usdc_3000,5.0,1.0,10.0,5.0,500.0,99.89472322913184,1.0,9.998775336367043,1298,-0.9148758770781941,52.10052608292696,1.0,31
weth_usdc_3000,5.0,1.0,10.0,5.0,2500.0,99.89472322913184,1.0,9.998775336367043,1298,-0.9148758770781941,52.10052608292696,1.0,31
weth_usdc_3000,5.0,1.0,10.0,5.0,5000.0,99.89472322913184,1.0,9.998775336367043,1298,-0.9148758770781941,52.10052608292696,1.0,31
weth_usdc_3000,5.0,1.0,30.0,0.5,500.0,99.6947477224045,1.0,29.996326009101132,1298,-2.652702423263249,52.10052608292696,1.0,31
weth_usdc_3000,5.0,1.0,30.0,0.5,2500.0,99.6947477224045,1.0,29.996326009101132,1298,-2.652702423263249,52.10052608292696,1.0,31
weth_usdc_3000,5.0,1.0,30.0,0.5,5000.0,99.6947477224045,1.0,29.996326009101132,1298,-2.652702423263249,52.10052608292696,1.0,31
weth_usdc_3000,5.0,1.0,30.0,1.0,500.0,99.6947477224045,1.0,29.996326009101132,1298,-2.652702423263249,52.10052608292696,1.0,31
weth_usdc_3000,5.0,1.0,30.0,1.0,2500.0,99.6947477224045,1.0,29.996326009101132,1298,-2.652702423263249,52.10052608292696,1.0,31
weth_usdc_3000,5.0,1.0,30.0,1.0,5000.0,99.6947477224045,1.0,29.996326009101132,1298,-2.652702423263249,52.10052608292696,1.0,31
weth_usdc_3000,5.0,1.0,30.0,5.0,500.0,99.6947477224045,1.0,29.996326009101132,1298,-2.652702423263249,52.10052608292696,1.0,31
weth_usdc_3000,5.0,1.0,30.0,5.0,2500.0,99.6947477224045,1.0,29.996326009101132,1298,-2.652702423263249,52.10052608292696,1.0,31
weth_usdc_3000,5.0,1.0,30.0,5.0,5000.0,99.6947477224045,1.0,29.996326009101132,1298,-2.652702423263249,52.10052608292696,1.0,31
weth_usdc_3000,5.0,1.0,100.0,0.5,500.0,98.9948334488588,1.0,99.98775336367044,1298,-8.735095334910941,52.10052608292696,1.0,31
weth_usdc_3000,5.0,1.0,100.0,0.5,2500.0,98.9948334488588,1.0,99.98775336367044,1298,-8.735095334910941,52.10052608292696,1.0,31
weth_usdc_3000,5.0,1.0,100.0,0.5,5000.0,98.9948334488588,1.0,99.98775336367044,1298,-8.735095334910941,52.10052608292696,1.0,31
weth_usdc_3000,5.0,1.0,100.0,1.0,500.0,98.9948334488588,1.0,99.98775336367044,1298,-8.735095334910941,52.10052608292696,1.0,31
weth_usdc_3000,5.0,1.0,100.0,1.0,2500.0,98.9948334488588,1.0,99.98775336367044,1298,-8.735095334910941,52.10052608292696,1.0,31
weth_usdc_3000,5.0,1.0,100.0,1.0,5000.0,98.9948334488588,1.0,99.98775336367044,1298,-8.735095334910941,52.10052608292696,1.0,31
weth_usdc_3000,5.0,1.0,100.0,5.0,500.0,98.9948334488588,1.0,99.98775336367044,1298,-8.735095334910941,52.10052608292696,1.0,31
weth_usdc_3000,5.0,1.0,100.0,5.0,2500.0,98.9948334488588,1.0,99.98775336367044,1298,-8.735095334910941,52.10052608292696,1.0,31
weth_usdc_3000,5.0,1.0,100.0,5.0,5000.0,98.9948334488588,1.0,99.98775336367044,1298,-8.735095334910941,52.10052608292696,1.0,31
weth_usdc_3000,5.0,5.0,10.0,0.5,500.0,99.87090298625102,0.9026162790697675,12.909701374896953,1376,-1.1218880330804306,52.10052608292696,0.9026162790697675,31
weth_usdc_3000,5.0,5.0,10.0,0.5,2500.0,99.87090298625102,0.9026162790697675,12.909701374896953,1376,-1.1218880330804306,52.10052608292696,0.9026162790697675,31
weth_usdc_3000,5.0,5.0,10.0,0.5,5000.0,99.87090298625102,0.9026162790697675,12.909701374896953,1376,-1.1218880330804306,52.10052608292696,0.9026162790697675,31
weth_usdc_3000,5.0,5.0,10.0,1.0,500.0,99.84180597250206,0.9026162790697675,15.819402749793905,1376,-1.374748967469056,52.10052608292696,0.9026162790697675,31
weth_usdc_3000,5.0,5.0,10.0,1.0,2500.0,99.84180597250206,0.9026162790697675,15.819402749793905,1376,-1.374748967469056,52.10052608292696,0.9026162790697675,31
weth_usdc_3000,5.0,5.0,10.0,1.0,5000.0,99.84180597250206,0.9026162790697675,15.819402749793905,1376,-1.374748967469056,52.10052608292696,0.9026162790697675,31
weth_usdc_3000,5.0,5.0,10.0,5.0,500.0,99.60935263676686,0.9026162790697675,39.06473632331442,1376,-3.3948314468210303,52.10052608292696,0.9026162790697675,31
weth_usdc_3000,5.0,5.0,10.0,5.0,2500.0,99.60935263676686,0.9026162790697675,39.06473632331442,1376,-3.3948314468210303,52.10052608292696,0.9026162790697675,31
weth_usdc_3000,5.0,5.0,10.0,5.0,5000.0,99.60935263676686,0.9026162790697675,39.06473632331442,1376,-3.3948314468210303,52.10052608292696,0.9026162790697675,31
weth_usdc_3000,5.0,5.0,30.0,0.5,500.0,99.67090639580898,0.9026162790697675,32.90936041910094,1376,-2.8599126004814215,52.10052608292696,0.9026162790697675,31
weth_usdc_3000,5.0,5.0,30.0,0.5,2500.0,99.67090639580898,0.9026162790697675,32.90936041910094,1376,-2.8599126004814215,52.10052608292696,0.9026162790697675,31
weth_usdc_3000,5.0,5.0,30.0,0.5,5000.0,99.67090639580898,0.9026162790697675,32.90936041910094,1376,-2.8599126004814215,52.10052608292696,0.9026162790697675,31
weth_usdc_3000,5.0,5.0,30.0,1.0,500.0,99.64180938206002,0.9026162790697675,35.81906179399789,1376,-3.112773534870047,52.10052608292696,0.9026162790697675,31
weth_usdc_3000,5.0,5.0,30.0,1.0,2500.0,99.64180938206002,0.9026162790697675,35.81906179399789,1376,-3.112773534870047,52.10052608292696,0.9026162790697675,31
weth_usdc_3000,5.0,5.0,30.0,1.0,5000.0,99.64180938206002,0.9026162790697675,35.81906179399789,1376,-3.112773534870047,52.10052608292696,0.9026162790697675,31
weth_usdc_3000,5.0,5.0,30.0,5.0,500.0,99.40936211942257,0.9026162790697675,59.06378805774351,1376,-5.132803237356852,52.10052608292696,0.9026162790697675,31
weth_usdc_3000,5.0,5.0,30.0,5.0,2500.0,99.40936211942257,0.9026162790697675,59.06378805774351,1376,-5.132803237356852,52.10052608292696,0.9026162790697675,31
weth_usdc_3000,5.0,5.0,30.0,5.0,5000.0,99.40936211942257,0.9026162790697675,59.06378805774351,1376,-5.132803237356852,52.10052608292696,0.9026162790697675,31
weth_usdc_3000,5.0,5.0,100.0,0.5,500.0,98.97092424397168,0.9026162790697675,102.90757560283221,1376,-8.942947185953686,52.10052608292696,0.9026162790697675,31
weth_usdc_3000,5.0,5.0,100.0,0.5,2500.0,98.97092424397168,0.9026162790697675,102.90757560283221,1376,-8.942947185953686,52.10052608292696,0.9026162790697675,31
weth_usdc_3000,5.0,5.0,100.0,0.5,5000.0,98.97092424397168,0.9026162790697675,102.90757560283221,1376,-8.942947185953686,52.10052608292696,0.9026162790697675,31
weth_usdc_3000,5.0,5.0,100.0,1.0,500.0,98.94182723022271,0.9026162790697675,105.81727697772916,1376,-9.195808120342312,52.10052608292696,0.9026162790697675,31
weth_usdc_3000,5.0,5.0,100.0,1.0,2500.0,98.94182723022271,0.9026162790697675,105.81727697772916,1376,-9.195808120342312,52.10052608292696,0.9026162790697675,31
weth_usdc_3000,5.0,5.0,100.0,1.0,5000.0,98.94182723022271,0.9026162790697675,105.81727697772916,1376,-9.195808120342312,52.10052608292696,0.9026162790697675,31
weth_usdc_3000,5.0,5.0,100.0,5.0,500.0,98.70940122342738,0.9026162790697675,129.05987765726263,1376,-11.215653103801026,52.10052608292696,0.9026162790697675,31
weth_usdc_3000,5.0,5.0,100.0,5.0,2500.0,98.70940122342738,0.9026162790697675,129.05987765726263,1376,-11.215653103801026,52.10052608292696,0.9026162790697675,31
weth_usdc_3000,5.0,5.0,100.0,5.0,5000.0,98.70940122342738,0.9026162790697675,129.05987765726263,1376,-11.215653103801026,52.10052608292696,0.9026162790697675,31
weth_usdc_3000,5.0,30.0,10.0,0.5,500.0,99.22281479216073,0.22249752229930625,77.7185207839263,2018,-6.755277918619782,52.10052608292696,0.22249752229930625,31
weth_usdc_3000,5.0,30.0,10.0,0.5,2500.0,99.22281479216073,0.22249752229930625,77.7185207839263,2018,-6.755277918619782,52.10052608292696,0.22249752229930625,31
weth_usdc_3000,5.0,30.0,10.0,0.5,5000.0,99.22281479216073,0.22249752229930625,77.7185207839263,2018,-6.755277918619782,52.10052608292696,0.22249752229930625,31
weth_usdc_3000,5.0,30.0,10.0,1.0,500.0,98.55312207610496,0.22249752229930625,144.68779238950486,2018,-12.576233298881988,52.10052608292696,0.22249752229930625,31
weth_usdc_3000,5.0,30.0,10.0,1.0,2500.0,98.55312207610496,0.22249752229930625,144.68779238950486,2018,-12.576233298881988,52.10052608292696,0.22249752229930625,31
weth_usdc_3000,5.0,30.0,10.0,1.0,5000.0,98.55312207610496,0.22249752229930625,144.68779238950486,2018,-12.576233298881988,52.10052608292696,0.22249752229930625,31
weth_usdc_3000,5.0,30.0,10.0,5.0,500.0,93.42053493660907,0.22249752229930625,657.9465063390932,2018,-57.18857565833573,52.10052608292696,0.22249752229930625,31
weth_usdc_3000,5.0,30.0,10.0,5.0,2500.0,93.42053493660907,0.22249752229930625,657.9465063390932,2018,-57.18857565833573,52.10052608292696,0.22249752229930625,31
weth_usdc_3000,5.0,30.0,10.0,5.0,5000.0,93.42053493660907,0.22249752229930625,657.9465063390932,2018,-57.18857565833573,52.10052608292696,0.22249752229930625,31
weth_usdc_3000,5.0,30.0,30.0,0.5,500.0,99.02388053774176,0.22249752229930625,97.61194622582363,2018,-8.484410386117178,52.10052608292696,0.22249752229930625,31
weth_usdc_3000,5.0,30.0,30.0,0.5,2500.0,99.02388053774176,0.22249752229930625,97.61194622582363,2018,-8.484410386117178,52.10052608292696,0.22249752229930625,31
weth_usdc_3000,5.0,30.0,30.0,0.5,5000.0,99.02388053774176,0.22249752229930625,97.61194622582363,2018,-8.484410386117178,52.10052608292696,0.22249752229930625,31
weth_usdc_3000,5.0,30.0,30.0,1.0,500.0,98.35481775282376,0.22249752229930625,164.51822471762375,2018,-14.299890417823589,52.10052608292696,0.22249752229930625,31
weth_usdc_3000,5.0,30.0,30.0,1.0,2500.0,98.35481775282376,0.22249752229930625,164.51822471762375,2018,-14.299890417823589,52.10052608292696,0.22249752229930625,31
weth_usdc_3000,5.0,30.0,30.0,1.0,5000.0,98.35481775282376,0.22249752229930625,164.51822471762375,2018,-14.299890417823589,52.10052608292696,0.22249752229930625,31
weth_usdc_3000,5.0,30.0,30.0,5.0,500.0,93.22827250536375,0.22249752229930625,677.1727494636249,2018,-58.85971677537081,52.10052608292696,0.22249752229930625,31
weth_usdc_3000,5.0,30.0,30.0,5.0,2500.0,93.22827250536375,0.22249752229930625,677.1727494636249,2018,-58.85971677537081,52.10052608292696,0.22249752229930625,31
weth_usdc_3000,5.0,30.0,30.0,5.0,5000.0,93.22827250536375,0.22249752229930625,677.1727494636249,2018,-58.85971677537081,52.10052608292696,0.22249752229930625,31
weth_usdc_3000,5.0,30.0,100.0,0.5,500.0,98.33069759443242,0.22249752229930625,166.93024055675824,2018,-14.509542340854479,52.10052608292696,0.22249752229930625,31
weth_usdc_3000,5.0,30.0,100.0,0.5,2500.0,98.33069759443242,0.22249752229930625,166.93024055675824,2018,-14.509542340854479,52.10052608292696,0.22249752229930625,31
weth_usdc_3000,5.0,30.0,100.0,0.5,5000.0,98.33069759443242,0.22249752229930625,166.93024055675824,2018,-14.509542340854479,52.10052608292696,0.22249752229930625,31
weth_usdc_3000,5.0,30.0,100.0,1.0,500.0,97.66330990107454,0.22249752229930625,233.66900989254526,2018,-20.310462511007067,52.10052608292696,0.22249752229930625,31
weth_usdc_3000,5.0,30.0,100.0,1.0,2500.0,97.66330990107454,0.22249752229930625,233.66900989254526,2018,-20.310462511007067,52.10052608292696,0.22249752229930625,31
weth_usdc_3000,5.0,30.0,100.0,1.0,5000.0,97.66330990107454,0.22249752229930625,233.66900989254526,2018,-20.310462511007067,52.10052608292696,0.22249752229930625,31
weth_usdc_3000,5.0,30.0,100.0,5.0,500.0,92.55832338684569,0.22249752229930625,744.1676613154314,2018,-64.68290080058694,52.10052608292696,0.22249752229930625,31
weth_usdc_3000,5.0,30.0,100.0,5.0,2500.0,92.55832338684569,0.22249752229930625,744.1676613154314,2018,-64.68290080058694,52.10052608292696,0.22249752229930625,31
weth_usdc_3000,5.0,30.0,100.0,5.0,5000.0,92.55832338684569,0.22249752229930625,744.1676613154314,2018,-64.68290080058694,52.10052608292696,0.22249752229930625,31
weth_usdc_3000,10.0,1.0,10.0,0.5,500.0,99.83778928184381,1.0,9.99109035546479,1239,-1.4096430943011808,52.10052608292696,1.0,31
weth_usdc_3000,10.0,1.0,10.0,0.5,2500.0,99.83778928184381,1.0,9.99109035546479,1239,-1.4096430943011808,52.10052608292696,1.0,31
weth_usdc_3000,10.0,1.0,10.0,0.5,5000.0,99.83778928184381,1.0,9.99109035546479,1239,-1.4096430943011808,52.10052608292696,1.0,31
weth_usdc_3000,10.0,1.0,10.0,1.0,500.0,99.83778928184381,1.0,9.99109035546479,1239,-1.4096430943011808,52.10052608292696,1.0,31
weth_usdc_3000,10.0,1.0,10.0,1.0,2500.0,99.83778928184381,1.0,9.99109035546479,1239,-1.4096430943011808,52.10052608292696,1.0,31
weth_usdc_3000,10.0,1.0,10.0,1.0,5000.0,99.83778928184381,1.0,9.99109035546479,1239,-1.4096430943011808,52.10052608292696,1.0,31
weth_usdc_3000,10.0,1.0,10.0,5.0,500.0,99.83778928184381,1.0,9.99109035546479,1239,-1.4096430943011808,52.10052608292696,1.0,31
weth_usdc_3000,10.0,1.0,10.0,5.0,2500.0,99.83778928184381,1.0,9.99109035546479,1239,-1.4096430943011808,52.10052608292696,1.0,31
weth_usdc_3000,10.0,1.0,10.0,5.0,5000.0,99.83778928184381,1.0,9.99109035546479,1239,-1.4096430943011808,52.10052608292696,1.0,31
weth_usdc_3000,10.0,1.0,30.0,0.5,500.0,99.63796747473451,1.0,29.97327106639437,1239,-3.146133960528483,52.10052608292696,1.0,31
weth_usdc_3000,10.0,1.0,30.0,0.5,2500.0,99.63796747473451,1.0,29.97327106639437,1239,-3.146133960528483,52.10052608292696,1.0,31
weth_usdc_3000,10.0,1.0,30.0,0.5,5000.0,99.63796747473451,1.0,29.97327106639437,1239,-3.146133960528483,52.10052608292696,1.0,31
weth_usdc_3000,10.0,1.0,30.0,1.0,500.0,99.63796747473451,1.0,29.97327106639437,1239,-3.146133960528483,52.10052608292696,1.0,31
weth_usdc_3000,10.0,1.0,30.0,1.0,2500.0,99.63796747473451,1.0,29.97327106639437,1239,-3.146133960528483,52.10052608292696,1.0,31
weth_usdc_3000,10.0,1.0,30.0,1.0,5000.0,99.63796747473451,1.0,29.97327106639437,1239,-3.146133960528483,52.10052608292696,1.0,31
weth_usdc_3000,10.0,1.0,30.0,5.0,500.0,99.63796747473451,1.0,29.97327106639437,1239,-3.146133960528483,52.10052608292696,1.0,31
weth_usdc_3000,10.0,1.0,30.0,5.0,2500.0,99.63796747473451,1.0,29.97327106639437,1239,-3.146133960528483,52.10052608292696,1.0,31
weth_usdc_3000,10.0,1.0,30.0,5.0,5000.0,99.63796747473451,1.0,29.97327106639437,1239,-3.146133960528483,52.10052608292696,1.0,31
weth_usdc_3000,10.0,1.0,100.0,0.5,500.0,98.93859114985197,1.0,99.9109035546479,1239,-9.22385199232404,52.10052608292696,1.0,31
weth_usdc_3000,10.0,1.0,100.0,0.5,2500.0,98.93859114985197,1.0,99.9109035546479,1239,-9.22385199232404,52.10052608292696,1.0,31
weth_usdc_3000,10.0,1.0,100.0,0.5,5000.0,98.93859114985197,1.0,99.9109035546479,1239,-9.22385199232404,52.10052608292696,1.0,31
weth_usdc_3000,10.0,1.0,100.0,1.0,500.0,98.93859114985197,1.0,99.9109035546479,1239,-9.22385199232404,52.10052608292696,1.0,31
weth_usdc_3000,10.0,1.0,100.0,1.0,2500.0,98.93859114985197,1.0,99.9109035546479,1239,-9.22385199232404,52.10052608292696,1.0,31
weth_usdc_3000,10.0,1.0,100.0,1.0,5000.0,98.93859114985197,1.0,99.9109035546479,1239,-9.22385199232404,52.10052608292696,1.0,31
weth_usdc_3000,10.0,1.0,100.0,5.0,500.0,98.93859114985197,1.0,99.9109035546479,1239,-9.22385199232404,52.10052608292696,1.0,31
weth_usdc_3000,10.0,1.0,100.0,5.0,2500.0,98.93859114985197,1.0,99.9109035546479,1239,-9.22385199232404,52.10052608292696,1.0,31
weth_usdc_3000,10.0,1.0,100.0,5.0,5000.0,98.93859114985197,1.0,99.9109035546479,1239,-9.22385199232404,52.10052608292696,1.0,31
weth_usdc_3000,10.0,5.0,10.0,0.5,500.0,99.9,1.0,10.0,1242,-0.8690270986918051,52.10052608292696,1.0,31
weth_usdc_3000,10.0,5.0,10.0,0.5,2500.0,99.9,1.0,10.0,1242,-0.8690270986918051,52.10052608292696,1.0,31
weth_usdc_3000,10.0,5.0,10.0,0.5,5000.0,99.9,1.0,10.0,1242,-0.8690270986918051,52.10052608292696,1.0,31
weth_usdc_3000,10.0,5.0,10.0,1.0,500.0,99.9,1.0,10.0,1242,-0.8690270986918051,52.10052608292696,1.0,31
weth_usdc_3000,10.0,5.0,10.0,1.0,2500.0,99.9,1.0,10.0,1242,-0.8690270986918051,52.10052608292696,1.0,31
weth_usdc_3000,10.0,5.0,10.0,1.0,5000.0,99.9,1.0,10.0,1242,-0.8690270986918051,52.10052608292696,1.0,31
weth_usdc_3000,10.0,5.0,10.0,5.0,500.0,99.9,1.0,10.0,1242,-0.8690270986918051,52.10052608292696,1.0,31
weth_usdc_3000,10.0,5.0,10.0,5.0,2500.0,99.9,1.0,10.0,1242,-0.8690270986918051,52.10052608292696,1.0,31
weth_usdc_3000,10.0,5.0,10.0,5.0,5000.0,99.9,1.0,10.0,1242,-0.8690270986918051,52.10052608292696,1.0,31
weth_usdc_3000,10.0,5.0,30.0,0.5,500.0,99.70000340955797,1.0,29.999659044203987,1242,-2.6070516660927963,52.10052608292696,1.0,31
weth_usdc_3000,10.0,5.0,30.0,0.5,2500.0,99.70000340955797,1.0,29.999659044203987,1242,-2.6070516660927963,52.10052608292696,1.0,31
weth_usdc_3000,10.0,5.0,30.0,0.5,5000.0,99.70000340955797,1.0,29.999659044203987,1242,-2.6070516660927963,52.10052608292696,1.0,31
weth_usdc_3000,10.0,5.0,30.0,1.0,500.0,99.70000340955797,1.0,29.999659044203987,1242,-2.6070516660927963,52.10052608292696,1.0,31
weth_usdc_3000,10.0,5.0,30.0,1.0,2500.0,99.70000340955797,1.0,29.999659044203987,1242,-2.6070516660927963,52.10052608292696,1.0,31
weth_usdc_3000,10.0,5.0,30.0,1.0,5000.0,99.70000340955797,1.0,29.999659044203987,1242,-2.6070516660927963,52.10052608292696,1.0,31
weth_usdc_3000,10.0,5.0,30.0,5.0,500.0,99.70000340955797,1.0,29.999659044203987,1242,-2.6070516660927963,52.10052608292696,1.0,31
weth_usdc_3000,10.0,5.0,30.0,5.0,2500.0,99.70000340955797,1.0,29.999659044203987,1242,-2.6070516660927963,52.10052608292696,1.0,31
weth_usdc_3000,10.0,5.0,30.0,5.0,5000.0,99.70000340955797,1.0,29.999659044203987,1242,-2.6070516660927963,52.10052608292696,1.0,31
weth_usdc_3000,10.0,5.0,100.0,0.5,500.0,99.00002125772065,1.0,99.99787422793526,1242,-8.69008625156506,52.10052608292696,1.0,31
weth_usdc_3000,10.0,5.0,100.0,0.5,2500.0,99.00002125772065,1.0,99.99787422793526,1242,-8.69008625156506,52.10052608292696,1.0,31
weth_usdc_3000,10.0,5.0,100.0,0.5,5000.0,99.00002125772065,1.0,99.99787422793526,1242,-8.69008625156506,52.10052608292696,1.0,31
weth_usdc_3000,10.0,5.0,100.0,1.0,500.0,99.00002125772065,1.0,99.99787422793526,1242,-8.69008625156506,52.10052608292696,1.0,31
weth_usdc_3000,10.0,5.0,100.0,1.0,2500.0,99.00002125772065,1.0,99.99787422793526,1242,-8.69008625156506,52.10052608292696,1.0,31
weth_usdc_3000,10.0,5.0,100.0,1.0,5000.0,99.00002125772065,1.0,99.99787422793526,1242,-8.69008625156506,52.10052608292696,1.0,31
weth_usdc_3000,10.0,5.0,100.0,5.0,500.0,99.00002125772065,1.0,99.99787422793526,1242,-8.69008625156506,52.10052608292696,1.0,31
weth_usdc_3000,10.0,5.0,100.0,5.0,2500.0,99.00002125772065,1.0,99.99787422793526,1242,-8.69008625156506,52.10052608292696,1.0,31
weth_usdc_3000,10.0,5.0,100.0,5.0,5000.0,99.00002125772065,1.0,99.99787422793526,1242,-8.69008625156506,52.10052608292696,1.0,31
weth_usdc_3000,10.0,30.0,10.0,0.5,500.0,99.24095613121536,0.24062165058949625,75.90438687846401,1866,-6.597593770885419,52.10052608292696,0.24062165058949625,31
weth_usdc_3000,10.0,30.0,10.0,0.5,2500.0,99.24095613121536,0.24062165058949625,75.90438687846401,1866,-6.597593770885419,52.10052608292696,0.24062165058949625,31
weth_usdc_3000,10.0,30.0,10.0,0.5,5000.0,99.24095613121536,0.24062165058949625,75.90438687846401,1866,-6.597593770885419,52.10052608292696,0.24062165058949625,31
weth_usdc_3000,10.0,30.0,10.0,1.0,500.0,98.58496222994752,0.24062165058949625,141.5037770052479,1866,-12.299479333406808,52.10052608292696,0.24062165058949625,31
weth_usdc_3000,10.0,30.0,10.0,1.0,2500.0,98.58496222994752,0.24062165058949625,141.5037770052479,1866,-12.299479333406808,52.10052608292696,0.24062165058949625,31
weth_usdc_3000,10.0,30.0,10.0,1.0,5000.0,98.58496222994752,0.24062165058949625,141.5037770052479,1866,-12.299479333406808,52.10052608292696,0.24062165058949625,31
weth_usdc_3000,10.0,30.0,10.0,5.0,500.0,93.52482538494301,0.24062165058949625,647.5174615056992,1866,-56.282085216100086,52.10052608292696,0.24062165058949625,31
weth_usdc_3000,10.0,30.0,10.0,5.0,2500.0,93.52482538494301,0.24062165058949625,647.5174615056992,1866,-56.282085216100086,52.10052608292696,0.24062165058949625,31
weth_usdc_3000,10.0,30.0,10.0,5.0,5000.0,93.52482538494301,0.24062165058949625,647.5174615056992,1866,-56.282085216100086,52.10052608292696,0.24062165058949625,31
weth_usdc_3000,10.0,30.0,30.0,0.5,500.0,99.04173069932227,0.24062165058949625,95.82693006777234,1866,-8.329257147027773,52.10052608292696,0.24062165058949625,31
weth_usdc_3000,10.0,30.0,30.0,0.5,2500.0,99.04173069932227,0.24062165058949625,95.82693006777234,1866,-8.329257147027773,52.10052608292696,0.24062165058949625,31
weth_usdc_3000,10.0,30.0,30.0,0.5,5000.0,99.04173069932227,0.24062165058949625,95.82693006777234,1866,-8.329257147027773,52.10052608292696,0.24062165058949625,31
weth_usdc_3000,10.0,30.0,30.0,1.0,500.0,98.38591531330732,0.24062165058949625,161.4084686692681,1866,-14.02959105862508,52.10052608292696,0.24062165058949625,31
weth_usdc_3000,10.0,30.0,30.0,1.0,2500.0,98.38591531330732,0.24062165058949625,161.4084686692681,1866,-14.02959105862508,52.10052608292696,0.24062165058949625,31
weth_usdc_3000,10.0,30.0,30.0,1.0,5000.0,98.38591531330732,0.24062165058949625,161.4084686692681,1866,-14.02959105862508,52.10052608292696,0.24062165058949625,31
weth_usdc_3000,10.0,30.0,30.0,5.0,500.0,93.33083120607071,0.24062165058949625,666.9168793929288,1866,-57.96827864806235,52.10052608292696,0.24062165058949625,31
weth_usdc_3000,10.0,30.0,30.0,5.0,2500.0,93.33083120607071,0.24062165058949625,666.9168793929288,1866,-57.96827864806235,52.10052608292696,0.24062165058949625,31
weth_usdc_3000,10.0,30.0,30.0,5.0,5000.0,93.33083120607071,0.24062165058949625,666.9168793929288,1866,-57.96827864806235,52.10052608292696,0.24062165058949625,31
weth_usdc_3000,10.0,30.0,100.0,0.5,500.0,98.34658948338358,0.24062165058949625,165.34105166164116,1866,-14.371410367376152,52.10052608292696,0.24062165058949625,31
weth_usdc_3000,10.0,30.0,100.0,0.5,2500.0,98.34658948338358,0.24062165058949625,165.34105166164116,1866,-14.371410367376152,52.10052608292696,0.24062165058949625,31
weth_usdc_3000,10.0,30.0,100.0,0.5,5000.0,98.34658948338358,0.24062165058949625,165.34105166164116,1866,-14.371410367376152,52.10052608292696,0.24062165058949625,31
weth_usdc_3000,10.0,30.0,100.0,1.0,500.0,97.69169073154576,0.24062165058949625,230.83092684542433,1866,-20.063776913468132,52.10052608292696,0.24062165058949625,31
weth_usdc_3000,10.0,30.0,100.0,1.0,2500.0,97.69169073154576,0.24062165058949625,230.83092684542433,1866,-20.063776913468132,52.10052608292696,0.24062165058949625,31
weth_usdc_3000,10.0,30.0,100.0,1.0,5000.0,97.69169073154576,0.24062165058949625,230.83092684542433,1866,-20.063776913468132,52.10052608292696,0.24062165058949625,31
weth_usdc_3000,10.0,30.0,100.0,5.0,500.0,92.65490151246276,0.24062165058949625,734.5098487537239,1866,-63.84344570954557,52.10052608292696,0.24062165058949625,31
weth_usdc_3000,10.0,30.0,100.0,5.0,2500.0,92.65490151246276,0.24062165058949625,734.5098487537239,1866,-63.84344570954557,52.10052608292696,0.24062165058949625,31
weth_usdc_3000,10.0,30.0,100.0,5.0,5000.0,92.65490151246276,0.24062165058949625,734.5098487537239,1866,-63.84344570954557,52.10052608292696,0.24062165058949625,31
weth_usdc_3000,25.0,1.0,10.0,0.5,500.0,98.94652782366077,1.0,9.890943104262218,1092,-9.154880733498107,52.10052608292696,1.0,31
weth_usdc_3000,25.0,1.0,10.0,0.5,2500.0,98.94652782366077,1.0,9.890943104262218,1092,-9.154880733498107,52.10052608292696,1.0,31
weth_usdc_3000,25.0,1.0,10.0,0.5,5000.0,98.94652782366077,1.0,9.890943104262218,1092,-9.154880733498107,52.10052608292696,1.0,31
weth_usdc_3000,25.0,1.0,10.0,1.0,500.0,98.94652782366077,1.0,9.890943104262218,1092,-9.154880733498107,52.10052608292696,1.0,31
weth_usdc_3000,25.0,1.0,10.0,1.0,2500.0,98.94652782366077,1.0,9.890943104262218,1092,-9.154880733498107,52.10052608292696,1.0,31
weth_usdc_3000,25.0,1.0,10.0,1.0,5000.0,98.94652782366077,1.0,9.890943104262218,1092,-9.154880733498107,52.10052608292696,1.0,31
weth_usdc_3000,25.0,1.0,10.0,5.0,500.0,98.94652782366077,1.0,9.890943104262218,1092,-9.154880733498107,52.10052608292696,1.0,31
weth_usdc_3000,25.0,1.0,10.0,5.0,2500.0,98.94652782366077,1.0,9.890943104262218,1092,-9.154880733498107,52.10052608292696,1.0,31
weth_usdc_3000,25.0,1.0,10.0,5.0,5000.0,98.94652782366077,1.0,9.890943104262218,1092,-9.154880733498107,52.10052608292696,1.0,31
weth_usdc_3000,25.0,1.0,30.0,0.5,500.0,98.74870896157553,1.0,29.672829312786657,1092,-10.873965612910776,52.10052608292696,1.0,31
weth_usdc_3000,25.0,1.0,30.0,0.5,2500.0,98.74870896157553,1.0,29.672829312786657,1092,-10.873965612910776,52.10052608292696,1.0,31
weth_usdc_3000,25.0,1.0,30.0,0.5,5000.0,98.74870896157553,1.0,29.672829312786657,1092,-10.873965612910776,52.10052608292696,1.0,31
weth_usdc_3000,25.0,1.0,30.0,1.0,500.0,98.74870896157553,1.0,29.672829312786657,1092,-10.873965612910776,52.10052608292696,1.0,31
weth_usdc_3000,25.0,1.0,30.0,1.0,2500.0,98.74870896157553,1.0,29.672829312786657,1092,-10.873965612910776,52.10052608292696,1.0,31
weth_usdc_3000,25.0,1.0,30.0,1.0,5000.0,98.74870896157553,1.0,29.672829312786657,1092,-10.873965612910776,52.10052608292696,1.0,31
weth_usdc_3000,25.0,1.0,30.0,5.0,500.0,98.74870896157553,1.0,29.672829312786657,1092,-10.873965612910776,52.10052608292696,1.0,31
weth_usdc_3000,25.0,1.0,30.0,5.0,2500.0,98.74870896157553,1.0,29.672829312786657,1092,-10.873965612910776,52.10052608292696,1.0,31
weth_usdc_3000,25.0,1.0,30.0,5.0,5000.0,98.74870896157553,1.0,29.672829312786657,1092,-10.873965612910776,52.10052608292696,1.0,31
weth_usdc_3000,25.0,1.0,100.0,0.5,500.0,98.05634294427718,1.0,98.90943104262219,1092,-16.890762690855112,52.10052608292696,1.0,31
weth_usdc_3000,25.0,1.0,100.0,0.5,2500.0,98.05634294427718,1.0,98.90943104262219,1092,-16.890762690855112,52.10052608292696,1.0,31
weth_usdc_3000,25.0,1.0,100.0,0.5,5000.0,98.05634294427718,1.0,98.90943104262219,1092,-16.890762690855112,52.10052608292696,1.0,31
weth_usdc_3000,25.0,1.0,100.0,1.0,500.0,98.05634294427718,1.0,98.90943104262219,1092,-16.890762690855112,52.10052608292696,1.0,31
weth_usdc_3000,25.0,1.0,100.0,1.0,2500.0,98.05634294427718,1.0,98.90943104262219,1092,-16.890762690855112,52.10052608292696,1.0,31
weth_usdc_3000,25.0,1.0,100.0,1.0,5000.0,98.05634294427718,1.0,98.90943104262219,1092,-16.890762690855112,52.10052608292696,1.0,31
weth_usdc_3000,25.0,1.0,100.0,5.0,500.0,98.05634294427718,1.0,98.90943104262219,1092,-16.890762690855112,52.10052608292696,1.0,31
weth_usdc_3000,25.0,1.0,100.0,5.0,2500.0,98.05634294427718,1.0,98.90943104262219,1092,-16.890762690855112,52.10052608292696,1.0,31
weth_usdc_3000,25.0,1.0,100.0,5.0,5000.0,98.05634294427718,1.0,98.90943104262219,1092,-16.890762690855112,52.10052608292696,1.0,31
weth_usdc_3000,25.0,5.0,10.0,0.5,500.0,99.45740678941048,1.0,9.901271040436372,1094,-4.71528203568477,52.10052608292696,1.0,31
weth_usdc_3000,25.0,5.0,10.0,0.5,2500.0,99.45740678941048,1.0,9.901271040436372,1094,-4.71528203568477,52.10052608292696,1.0,31
weth_usdc_3000,25.0,5.0,10.0,0.5,5000.0,99.45740678941048,1.0,9.901271040436372,1094,-4.71528203568477,52.10052608292696,1.0,31
weth_usdc_3000,25.0,5.0,10.0,1.0,500.0,99.45740678941048,1.0,9.901271040436372,1094,-4.71528203568477,52.10052608292696,1.0,31
weth_usdc_3000,25.0,5.0,10.0,1.0,2500.0,99.45740678941048,1.0,9.901271040436372,1094,-4.71528203568477,52.10052608292696,1.0,31
weth_usdc_3000,25.0,5.0,10.0,1.0,5000.0,99.45740678941048,1.0,9.901271040436372,1094,-4.71528203568477,52.10052608292696,1.0,31
weth_usdc_3000,25.0,5.0,10.0,5.0,500.0,99.45740678941048,1.0,9.901271040436372,1094,-4.71528203568477,52.10052608292696,1.0,31
weth_usdc_3000,25.0,5.0,10.0,5.0,2500.0,99.45740678941048,1.0,9.901271040436372,1094,-4.71528203568477,52.10052608292696,1.0,31
weth_usdc_3000,25.0,5.0,10.0,5.0,5000.0,99.45740678941048,1.0,9.901271040436372,1094,-4.71528203568477,52.10052608292696,1.0,31
weth_usdc_3000,25.0,5.0,30.0,0.5,500.0,99.25938136860177,1.0,29.703813121309114,1094,-6.4361766048110916,52.10052608292696,1.0,31
weth_usdc_3000,25.0,5.0,30.0,0.5,2500.0,99.25938136860177,1.0,29.703813121309114,1094,-6.4361766048110916,52.10052608292696,1.0,31
weth_usdc_3000,25.0,5.0,30.0,0.5,5000.0,99.25938136860177,1.0,29.703813121309114,1094,-6.4361766048110916,52.10052608292696,1.0,31
weth_usdc_3000,25.0,5.0,30.0,1.0,500.0,99.25938136860177,1.0,29.703813121309114,1094,-6.4361766048110916,52.10052608292696,1.0,31
weth_usdc_3000,25.0,5.0,30.0,1.0,2500.0,99.25938136860177,1.0,29.703813121309114,1094,-6.4361766048110916,52.10052608292696,1.0,31
weth_usdc_3000,25.0,5.0,30.0,1.0,5000.0,99.25938136860177,1.0,29.703813121309114,1094,-6.4361766048110916,52.10052608292696,1.0,31
weth_usdc_3000,25.0,5.0,30.0,5.0,500.0,99.25938136860177,1.0,29.703813121309114,1094,-6.4361766048110916,52.10052608292696,1.0,31
weth_usdc_3000,25.0,5.0,30.0,5.0,2500.0,99.25938136860177,1.0,29.703813121309114,1094,-6.4361766048110916,52.10052608292696,1.0,31
weth_usdc_3000,25.0,5.0,30.0,5.0,5000.0,99.25938136860177,1.0,29.703813121309114,1094,-6.4361766048110916,52.10052608292696,1.0,31
weth_usdc_3000,25.0,5.0,100.0,0.5,500.0,98.56629239577121,1.0,99.01271040436372,1094,-12.45930759675322,52.10052608292696,1.0,31
weth_usdc_3000,25.0,5.0,100.0,0.5,2500.0,98.56629239577121,1.0,99.01271040436372,1094,-12.45930759675322,52.10052608292696,1.0,31
weth_usdc_3000,25.0,5.0,100.0,0.5,5000.0,98.56629239577121,1.0,99.01271040436372,1094,-12.45930759675322,52.10052608292696,1.0,31
weth_usdc_3000,25.0,5.0,100.0,1.0,500.0,98.56629239577121,1.0,99.01271040436372,1094,-12.45930759675322,52.10052608292696,1.0,31
weth_usdc_3000,25.0,5.0,100.0,1.0,2500.0,98.56629239577121,1.0,99.01271040436372,1094,-12.45930759675322,52.10052608292696,1.0,31
weth_usdc_3000,25.0,5.0,100.0,1.0,5000.0,98.56629239577121,1.0,99.01271040436372,1094,-12.45930759675322,52.10052608292696,1.0,31
weth_usdc_3000,25.0,5.0,100.0,5.0,500.0,98.56629239577121,1.0,99.01271040436372,1094,-12.45930759675322,52.10052608292696,1.0,31
weth_usdc_3000,25.0,5.0,100.0,5.0,2500.0,98.56629239577121,1.0,99.01271040436372,1094,-12.45930759675322,52.10052608292696,1.0,31
weth_usdc_3000,25.0,5.0,100.0,5.0,5000.0,98.56629239577121,1.0,99.01271040436372,1094,-12.45930759675322,52.10052608292696,1.0,31
weth_usdc_3000,25.0,30.0,10.0,0.5,500.0,99.30450488364271,0.2926988265971317,69.54951163572925,1534,-6.045229315543029,52.10052608292696,0.2926988265971317,31
weth_usdc_3000,25.0,30.0,10.0,0.5,2500.0,99.30450488364271,0.2926988265971317,69.54951163572925,1534,-6.045229315543029,52.10052608292696,0.2926988265971317,31
weth_usdc_3000,25.0,30.0,10.0,0.5,5000.0,99.30450488364271,0.2926988265971317,69.54951163572925,1534,-6.045229315543029,52.10052608292696,0.2926988265971317,31
weth_usdc_3000,25.0,30.0,10.0,1.0,500.0,98.7113568832265,0.2926988265971317,128.8643116773502,1534,-11.200859594231758,52.10052608292696,0.2926988265971317,31
weth_usdc_3000,25.0,30.0,10.0,1.0,2500.0,98.7113568832265,0.2926988265971317,128.8643116773502,1534,-11.200859594231758,52.10052608292696,0.2926988265971317,31
weth_usdc_3000,25.0,30.0,10.0,1.0,5000.0,98.7113568832265,0.2926988265971317,128.8643116773502,1534,-11.200859594231758,52.10052608292696,0.2926988265971317,31
weth_usdc_3000,25.0,30.0,10.0,5.0,500.0,94.07072630832162,0.2926988265971317,592.9273691678371,1534,-51.53712556393898,52.10052608292696,0.2926988265971317,31
weth_usdc_3000,25.0,30.0,10.0,5.0,2500.0,94.07072630832162,0.2926988265971317,592.9273691678371,1534,-51.53712556393898,52.10052608292696,0.2926988265971317,31
weth_usdc_3000,25.0,30.0,10.0,5.0,5000.0,94.07072630832162,0.2926988265971317,592.9273691678371,1534,-51.53712556393898,52.10052608292696,0.2926988265971317,31
weth_usdc_3000,25.0,30.0,30.0,0.5,500.0,99.10517117248816,0.2926988265971317,89.48288275118462,1534,-7.777833852809755,52.10052608292696,0.2926988265971317,31
weth_usdc_3000,25.0,30.0,30.0,0.5,2500.0,99.10517117248816,0.2926988265971317,89.48288275118462,1534,-7.777833852809755,52.10052608292696,0.2926988265971317,31
weth_usdc_3000,25.0,30.0,30.0,0.5,5000.0,99.10517117248816,0.2926988265971317,89.48288275118462,1534,-7.777833852809755,52.10052608292696,0.2926988265971317,31
weth_usdc_3000,25.0,30.0,30.0,1.0,500.0,98.51220168732483,0.2926988265971317,148.77983126751744,1534,-12.931912480574404,52.10052608292696,0.2926988265971317,31
weth_usdc_3000,25.0,30.0,30.0,1.0,2500.0,98.51220168732483,0.2926988265971317,148.77983126751744,1534,-12.931912480574404,52.10052608292696,0.2926988265971317,31
weth_usdc_3000,25.0,30.0,30.0,1.0,5000.0,98.51220168732483,0.2926988265971317,148.77983126751744,1534,-12.931912480574404,52.10052608292696,0.2926988265971317,31
weth_usdc_3000,25.0,30.0,30.0,5.0,500.0,93.8739446563934,0.2926988265971317,612.60553436066,1534,-53.247547654647654,52.10052608292696,0.2926988265971317,31
weth_usdc_3000,25.0,30.0,30.0,5.0,2500.0,93.8739446563934,0.2926988265971317,612.60553436066,1534,-53.247547654647654,52.10052608292696,0.2926988265971317,31
weth_usdc_3000,25.0,30.0,30.0,5.0,5000.0,93.8739446563934,0.2926988265971317,612.60553436066,1534,-53.247547654647654,52.10052608292696,0.2926988265971317,31
weth_usdc_3000,25.0,30.0,100.0,0.5,500.0,98.40965097913431,0.2926988265971317,159.03490208656808,1534,-13.823281137093437,52.10052608292696,0.2926988265971317,31
weth_usdc_3000,25.0,30.0,100.0,0.5,2500.0,98.40965097913431,0.2926988265971317,159.03490208656808,1534,-13.823281137093437,52.10052608292696,0.2926988265971317,31
weth_usdc_3000,25.0,30.0,100.0,0.5,5000.0,98.40965097913431,0.2926988265971317,159.03490208656808,1534,-13.823281137093437,52.10052608292696,0.2926988265971317,31
weth_usdc_3000,25.0,30.0,100.0,1.0,500.0,97.81759812814812,0.2926988265971317,218.24018718518832,1534,-18.969392399352756,52.10052608292696,0.2926988265971317,31
weth_usdc_3000,25.0,30.0,100.0,1.0,2500.0,97.81759812814812,0.2926988265971317,218.24018718518832,1534,-18.969392399352756,52.10052608292696,0.2926988265971317,31
weth_usdc_3000,25.0,30.0,100.0,1.0,5000.0,97.81759812814812,0.2926988265971317,218.24018718518832,1534,-18.969392399352756,52.10052608292696,0.2926988265971317,31
weth_usdc_3000,25.0,30.0,100.0,5.0,500.0,93.18744755747032,0.2926988265971317,681.2552442529673,1534,-59.21456638682956,52.10052608292696,0.2926988265971317,31
weth_usdc_3000,25.0,30.0,100.0,5.0,2500.0,93.18744755747032,0.2926988265971317,681.2552442529673,1534,-59.21456638682956,52.10052608292696,0.2926988265971317,31
weth_usdc_3000,25.0,30.0,100.0,5.0,5000.0,93.18744755747032,0.2926988265971317,681.2552442529673,1534,-59.21456638682956,52.10052608292696,0.2926988265971317,31
weth_usdc_3000,50.0,1.0,10.0,0.5,500.0,96.55479208549981,1.0,9.637701792023982,997,-29.939535440750596,52.10052608292696,1.0,31
weth_usdc_3000,50.0,1.0,10.0,0.5,2500.0,96.55479208549981,1.0,9.637701792023982,997,-29.939535440750596,52.10052608292696,1.0,31
weth_usdc_3000,50.0,1.0,10.0,0.5,5000.0,96.55479208549981,1.0,9.637701792023982,997,-29.939535440750596,52.10052608292696,1.0,31
weth_usdc_3000,50.0,1.0,10.0,1.0,500.0,96.55479208549981,1.0,9.637701792023982,997,-29.939535440750596,52.10052608292696,1.0,31
weth_usdc_3000,50.0,1.0,10.0,1.0,2500.0,96.55479208549981,1.0,9.637701792023982,997,-29.939535440750596,52.10052608292696,1.0,31
weth_usdc_3000,50.0,1.0,10.0,1.0,5000.0,96.55479208549981,1.0,9.637701792023982,997,-29.939535440750596,52.10052608292696,1.0,31
weth_usdc_3000,50.0,1.0,10.0,5.0,500.0,96.55479208549981,1.0,9.637701792023982,997,-29.939535440750596,52.10052608292696,1.0,31
weth_usdc_3000,50.0,1.0,10.0,5.0,2500.0,96.55479208549981,1.0,9.637701792023982,997,-29.939535440750596,52.10052608292696,1.0,31
weth_usdc_3000,50.0,1.0,10.0,5.0,5000.0,96.55479208549981,1.0,9.637701792023982,997,-29.939535440750596,52.10052608292696,1.0,31
weth_usdc_3000,50.0,1.0,30.0,0.5,500.0,96.36203804965933,1.0,28.913105376071947,997,-31.614605982387552,52.10052608292696,1.0,31
weth_usdc_3000,50.0,1.0,30.0,0.5,2500.0,96.36203804965933,1.0,28.913105376071947,997,-31.614605982387552,52.10052608292696,1.0,31
weth_usdc_3000,50.0,1.0,30.0,0.5,5000.0,96.36203804965933,1.0,28.913105376071947,997,-31.614605982387552,52.10052608292696,1.0,31
weth_usdc_3000,50.0,1.0,30.0,1.0,500.0,96.36203804965933,1.0,28.913105376071947,997,-31.614605982387552,52.10052608292696,1.0,31
weth_usdc_3000,50.0,1.0,30.0,1.0,2500.0,96.36203804965933,1.0,28.913105376071947,997,-31.614605982387552,52.10052608292696,1.0,31
weth_usdc_3000,50.0,1.0,30.0,1.0,5000.0,96.36203804965933,1.0,28.913105376071947,997,-31.614605982387552,52.10052608292696,1.0,31
weth_usdc_3000,50.0,1.0,30.0,5.0,500.0,96.36203804965933,1.0,28.913105376071947,997,-31.614605982387552,52.10052608292696,1.0,31
weth_usdc_3000,50.0,1.0,30.0,5.0,2500.0,96.36203804965933,1.0,28.913105376071947,997,-31.614605982387552,52.10052608292696,1.0,31
weth_usdc_3000,50.0,1.0,30.0,5.0,5000.0,96.36203804965933,1.0,28.913105376071947,997,-31.614605982387552,52.10052608292696,1.0,31
weth_usdc_3000,50.0,1.0,100.0,0.5,500.0,95.68739892421765,1.0,96.37701792023982,997,-37.47735287811689,52.10052608292696,1.0,31
weth_usdc_3000,50.0,1.0,100.0,0.5,2500.0,95.68739892421765,1.0,96.37701792023982,997,-37.47735287811689,52.10052608292696,1.0,31
weth_usdc_3000,50.0,1.0,100.0,0.5,5000.0,95.68739892421765,1.0,96.37701792023982,997,-37.47735287811689,52.10052608292696,1.0,31
weth_usdc_3000,50.0,1.0,100.0,1.0,500.0,95.68739892421765,1.0,96.37701792023982,997,-37.47735287811689,52.10052608292696,1.0,31
weth_usdc_3000,50.0,1.0,100.0,1.0,2500.0,95.68739892421765,1.0,96.37701792023982,997,-37.47735287811689,52.10052608292696,1.0,31
weth_usdc_3000,50.0,1.0,100.0,1.0,5000.0,95.68739892421765,1.0,96.37701792023982,997,-37.47735287811689,52.10052608292696,1.0,31
weth_usdc_3000,50.0,1.0,100.0,5.0,500.0,95.68739892421765,1.0,96.37701792023982,997,-37.47735287811689,52.10052608292696,1.0,31
weth_usdc_3000,50.0,1.0,100.0,5.0,2500.0,95.68739892421765,1.0,96.37701792023982,997,-37.47735287811689,52.10052608292696,1.0,31
weth_usdc_3000,50.0,1.0,100.0,5.0,5000.0,95.68739892421765,1.0,96.37701792023982,997,-37.47735287811689,52.10052608292696,1.0,31
weth_usdc_3000,50.0,5.0,10.0,0.5,500.0,96.85159548437804,1.0,9.549089030572162,977,-27.36048841719134,52.10052608292696,1.0,31
weth_usdc_3000,50.0,5.0,10.0,0.5,2500.0,96.85159548437804,1.0,9.549089030572162,977,-27.36048841719134,52.10052608292696,1.0,31
weth_usdc_3000,50.0,5.0,10.0,0.5,5000.0,96.85159548437804,1.0,9.549089030572162,977,-27.36048841719134,52.10052608292696,1.0,31
weth_usdc_3000,50.0,5.0,10.0,1.0,500.0,96.85159548437804,1.0,9.549089030572162,977,-27.36048841719134,52.10052608292696,1.0,31
weth_usdc_3000,50.0,5.0,10.0,1.0,2500.0,96.85159548437804,1.0,9.549089030572162,977,-27.36048841719134,52.10052608292696,1.0,31
weth_usdc_3000,50.0,5.0,10.0,1.0,5000.0,96.85159548437804,1.0,9.549089030572162,977,-27.36048841719134,52.10052608292696,1.0,31
weth_usdc_3000,50.0,5.0,10.0,5.0,500.0,96.85159548437804,1.0,9.549089030572162,977,-27.36048841719134,52.10052608292696,1.0,31
weth_usdc_3000,50.0,5.0,10.0,5.0,2500.0,96.85159548437804,1.0,9.549089030572162,977,-27.36048841719134,52.10052608292696,1.0,31
weth_usdc_3000,50.0,5.0,10.0,5.0,5000.0,96.85159548437804,1.0,9.549089030572162,977,-27.36048841719134,52.10052608292696,1.0,31
weth_usdc_3000,50.0,5.0,30.0,0.5,500.0,96.66061370376659,1.0,28.647267091716483,977,-29.020171844268916,52.10052608292696,1.0,31
weth_usdc_3000,50.0,5.0,30.0,0.5,2500.0,96.66061370376659,1.0,28.647267091716483,977,-29.020171844268916,52.10052608292696,1.0,31
weth_usdc_3000,50.0,5.0,30.0,0.5,5000.0,96.66061370376659,1.0,28.647267091716483,977,-29.020171844268916,52.10052608292696,1.0,31
weth_usdc_3000,50.0,5.0,30.0,1.0,500.0,96.66061370376659,1.0,28.647267091716483,977,-29.020171844268916,52.10052608292696,1.0,31
weth_usdc_3000,50.0,5.0,30.0,1.0,2500.0,96.66061370376659,1.0,28.647267091716483,977,-29.020171844268916,52.10052608292696,1.0,31
weth_usdc_3000,50.0,5.0,30.0,1.0,5000.0,96.66061370376659,1.0,28.647267091716483,977,-29.020171844268916,52.10052608292696,1.0,31
weth_usdc_3000,50.0,5.0,30.0,5.0,500.0,96.66061370376659,1.0,28.647267091716483,977,-29.020171844268916,52.10052608292696,1.0,31
weth_usdc_3000,50.0,5.0,30.0,5.0,2500.0,96.66061370376659,1.0,28.647267091716483,977,-29.020171844268916,52.10052608292696,1.0,31
weth_usdc_3000,50.0,5.0,30.0,5.0,5000.0,96.66061370376659,1.0,28.647267091716483,977,-29.020171844268916,52.10052608292696,1.0,31
weth_usdc_3000,50.0,5.0,100.0,0.5,500.0,95.99217747162655,1.0,95.4908903057216,977,-34.82906383904042,52.10052608292696,1.0,31
weth_usdc_3000,50.0,5.0,100.0,0.5,2500.0,95.99217747162655,1.0,95.4908903057216,977,-34.82906383904042,52.10052608292696,1.0,31
weth_usdc_3000,50.0,5.0,100.0,0.5,5000.0,95.99217747162655,1.0,95.4908903057216,977,-34.82906383904042,52.10052608292696,1.0,31
weth_usdc_3000,50.0,5.0,100.0,1.0,500.0,95.99217747162655,1.0,95.4908903057216,977,-34.82906383904042,52.10052608292696,1.0,31
weth_usdc_3000,50.0,5.0,100.0,1.0,2500.0,95.99217747162655,1.0,95.4908903057216,977,-34.82906383904042,52.10052608292696,1.0,31
weth_usdc_3000,50.0,5.0,100.0,1.0,5000.0,95.99217747162655,1.0,95.4908903057216,977,-34.82906383904042,52.10052608292696,1.0,31
weth_usdc_3000,50.0,5.0,100.0,5.0,500.0,95.99217747162655,1.0,95.4908903057216,977,-34.82906383904042,52.10052608292696,1.0,31
weth_usdc_3000,50.0,5.0,100.0,5.0,2500.0,95.99217747162655,1.0,95.4908903057216,977,-34.82906383904042,52.10052608292696,1.0,31
weth_usdc_3000,50.0,5.0,100.0,5.0,5000.0,95.99217747162655,1.0,95.4908903057216,977,-34.82906383904042,52.10052608292696,1.0,31
weth_usdc_3000,50.0,30.0,10.0,0.5,500.0,99.44183817266682,0.4354995150339476,55.816182733318655,1031,-4.851531178370245,52.10052608292696,0.4354995150339476,31
weth_usdc_3000,50.0,30.0,10.0,0.5,2500.0,99.44183817266682,0.4354995150339476,55.816182733318655,1031,-4.851531178370245,52.10052608292696,0.4354995150339476,31
weth_usdc_3000,50.0,30.0,10.0,0.5,5000.0,99.44183817266682,0.4354995150339476,55.816182733318655,1031,-4.851531178370245,52.10052608292696,0.4354995150339476,31
weth_usdc_3000,50.0,30.0,10.0,1.0,500.0,98.98602346127471,0.4354995150339476,101.39765387252902,1031,-8.813463319886191,52.10052608292696,0.4354995150339476,31
weth_usdc_3000,50.0,30.0,10.0,1.0,2500.0,98.98602346127471,0.4354995150339476,101.39765387252902,1031,-8.813463319886191,52.10052608292696,0.4354995150339476,31
weth_usdc_3000,50.0,30.0,10.0,1.0,5000.0,98.98602346127471,0.4354995150339476,101.39765387252902,1031,-8.813463319886191,52.10052608292696,0.4354995150339476,31
weth_usdc_3000,50.0,30.0,10.0,5.0,500.0,95.41123966461954,0.4354995150339476,458.8760335380451,1031,-39.88541090947388,52.10052608292696,0.4354995150339476,31
weth_usdc_3000,50.0,30.0,10.0,5.0,2500.0,95.41123966461954,0.4354995150339476,458.8760335380451,1031,-39.88541090947388,52.10052608292696,0.4354995150339476,31
weth_usdc_3000,50.0,30.0,10.0,5.0,5000.0,95.41123966461954,0.4354995150339476,458.8760335380451,1031,-39.88541090947388,52.10052608292696,0.4354995150339476,31
weth_usdc_3000,50.0,30.0,30.0,0.5,500.0,99.24250446151225,0.4354995150339476,75.74955384877403,1031,-6.584135715636971,52.10052608292696,0.4354995150339476,31
weth_usdc_3000,50.0,30.0,30.0,0.5,2500.0,99.24250446151225,0.4354995150339476,75.74955384877403,1031,-6.584135715636971,52.10052608292696,0.4354995150339476,31
weth_usdc_3000,50.0,30.0,30.0,0.5,5000.0,99.24250446151225,0.4354995150339476,75.74955384877403,1031,-6.584135715636971,52.10052608292696,0.4354995150339476,31
weth_usdc_3000,50.0,30.0,30.0,1.0,500.0,98.78686826537304,0.4354995150339476,121.31317346269626,1031,-10.544516206228836,52.10052608292696,0.4354995150339476,31
weth_usdc_3000,50.0,30.0,30.0,1.0,2500.0,98.78686826537304,0.4354995150339476,121.31317346269626,1031,-10.544516206228836,52.10052608292696,0.4354995150339476,31
weth_usdc_3000,50.0,30.0,30.0,1.0,5000.0,98.78686826537304,0.4354995150339476,121.31317346269626,1031,-10.544516206228836,52.10052608292696,0.4354995150339476,31
weth_usdc_3000,50.0,30.0,30.0,5.0,500.0,95.21358202210207,0.4354995150339476,478.64179778979275,1031,-41.603447092453976,52.10052608292696,0.4354995150339476,31
weth_usdc_3000,50.0,30.0,30.0,5.0,2500.0,95.21358202210207,0.4354995150339476,478.64179778979275,1031,-41.603447092453976,52.10052608292696,0.4354995150339476,31
weth_usdc_3000,50.0,30.0,30.0,5.0,5000.0,95.21358202210207,0.4354995150339476,478.64179778979275,1031,-41.603447092453976,52.10052608292696,0.4354995150339476,31
weth_usdc_3000,50.0,30.0,100.0,0.5,500.0,98.54698426815843,0.4354995150339476,145.3015731841575,1031,-12.629582999920652,52.10052608292696,0.4354995150339476,31
weth_usdc_3000,50.0,30.0,100.0,0.5,2500.0,98.54698426815843,0.4354995150339476,145.3015731841575,1031,-12.629582999920652,52.10052608292696,0.4354995150339476,31
weth_usdc_3000,50.0,30.0,100.0,0.5,5000.0,98.54698426815843,0.4354995150339476,145.3015731841575,1031,-12.629582999920652,52.10052608292696,0.4354995150339476,31
weth_usdc_3000,50.0,30.0,100.0,1.0,500.0,98.09226470619633,0.4354995150339476,190.77352938036714,1031,-16.58199612500719,52.10052608292696,0.4354995150339476,31
weth_usdc_3000,50.0,30.0,100.0,1.0,2500.0,98.09226470619633,0.4354995150339476,190.77352938036714,1031,-16.58199612500719,52.10052608292696,0.4354995150339476,31
weth_usdc_3000,50.0,30.0,100.0,1.0,5000.0,98.09226470619633,0.4354995150339476,190.77352938036714,1031,-16.58199612500719,52.10052608292696,0.4354995150339476,31
weth_usdc_3000,50.0,30.0,100.0,5.0,500.0,94.5239191802475,0.4354995150339476,547.6080819752491,1031,-47.59798239739797,52.10052608292696,0.4354995150339476,31
weth_usdc_3000,50.0,30.0,100.0,5.0,2500.0,94.5239191802475,0.4354995150339476,547.6080819752491,1031,-47.59798239739797,52.10052608292696,0.4354995150339476,31
weth_usdc_3000,50.0,30.0,100.0,5.0,5000.0,94.5239191802475,0.4354995150339476,547.6080819752491,1031,-47.59798239739797,52.10052608292696,0.4354995150339476,31
