base_train_count,branch,calibration_count,calibration_start,evaluation_scheme,fold,group_support,heldout_pool,intercept,kind,method,purge_seconds,slope,support,test_count,test_start
89220,closes_gap,11505,1767225695,rolling_chronological,2026-01_to_2026-02,12,,0.0,identity,identity,3600,1.0,4727,14088,1769904011
89220,widens_gap,11505,1767225695,rolling_chronological,2026-01_to_2026-02,12,,0.0,identity,identity,3600,1.0,4727,14088,1769904011
89220,zero_gap,11505,1767225695,rolling_chronological,2026-01_to_2026-02,12,,0.0,identity,identity,3600,1.0,4727,14088,1769904011
89220,closes_gap,11505,1767225695,rolling_chronological,2026-01_to_2026-02,12,,-0.5407529330842733,log_odds_offset,global_offset,3600,1.0,4727,14088,1769904011
89220,widens_gap,11505,1767225695,rolling_chronological,2026-01_to_2026-02,12,,-0.5407529330842733,log_odds_offset,global_offset,3600,1.0,4727,14088,1769904011
89220,zero_gap,11505,1767225695,rolling_chronological,2026-01_to_2026-02,12,,-0.5407529330842733,log_odds_offset,global_offset,3600,1.0,4727,14088,1769904011
89220,closes_gap,11505,1767225695,rolling_chronological,2026-01_to_2026-02,12,,0.5091540119327569,log_odds_offset,sign_offset,3600,1.0,2376,14088,1769904011
89220,widens_gap,11505,1767225695,rolling_chronological,2026-01_to_2026-02,11,,-1.3519814571352122,log_odds_offset,sign_offset,3600,1.0,2351,14088,1769904011
89220,zero_gap,11505,1767225695,rolling_chronological,2026-01_to_2026-02,12,,-0.5407529330842733,log_odds_offset,sign_offset,3600,1.0,4727,14088,1769904011
89220,closes_gap,11505,1767225695,rolling_chronological,2026-01_to_2026-02,12,,-0.6997484465201423,platt,global_platt,3600,1.2989151588872667,4727,14088,1769904011
89220,widens_gap,11505,1767225695,rolling_chronological,2026-01_to_2026-02,12,,-0.6997484465201423,platt,global_platt,3600,1.2989151588872667,4727,14088,1769904011
89220,zero_gap,11505,1767225695,rolling_chronological,2026-01_to_2026-02,12,,-0.6997484465201423,platt,global_platt,3600,1.2989151588872667,4727,14088,1769904011
89220,closes_gap,11505,1767225695,rolling_chronological,2026-01_to_2026-02,12,,0.8764049310512554,platt,sign_platt,3600,0.6941364900329583,2376,14088,1769904011
89220,widens_gap,11505,1767225695,rolling_chronological,2026-01_to_2026-02,11,,-1.072851062486774,platt,sign_platt,3600,1.00001969320082e-06,2351,14088,1769904011
89220,zero_gap,11505,1767225695,rolling_chronological,2026-01_to_2026-02,12,,-0.6997484465201423,platt,sign_platt,3600,1.2989151588872667,4727,14088,1769904011
89220,closes_gap,10000,1767225695,rolling_pool_held_out,2026-01_to_2026-02,8,eurc_usdc_500,0.0,identity,identity,3600,1.0,4626,1627,1769904011
89220,widens_gap,10000,1767225695,rolling_pool_held_out,2026-01_to_2026-02,8,eurc_usdc_500,0.0,identity,identity,3600,1.0,4626,1627,1769904011
89220,zero_gap,10000,1767225695,rolling_pool_held_out,2026-01_to_2026-02,8,eurc_usdc_500,0.0,identity,identity,3600,1.0,4626,1627,1769904011
89220,closes_gap,10000,1767225695,rolling_pool_held_out,2026-01_to_2026-02,8,eurc_usdc_500,-0.5217171260584311,log_odds_offset,global_offset,3600,1.0,4626,1627,1769904011
89220,widens_gap,10000,1767225695,rolling_pool_held_out,2026-01_to_2026-02,8,eurc_usdc_500,-0.5217171260584311,log_odds_offset,global_offset,3600,1.0,4626,1627,1769904011
89220,zero_gap,10000,1767225695,rolling_pool_held_out,2026-01_to_2026-02,8,eurc_usdc_500,-0.5217171260584311,log_odds_offset,global_offset,3600,1.0,4626,1627,1769904011
89220,closes_gap,10000,1767225695,rolling_pool_held_out,2026-01_to_2026-02,8,eurc_usdc_500,0.5152170481079142,log_odds_offset,sign_offset,3600,1.0,2339,1627,1769904011
89220,widens_gap,10000,1767225695,rolling_pool_held_out,2026-01_to_2026-02,8,eurc_usdc_500,-1.319642290577206,log_odds_offset,sign_offset,3600,1.0,2287,1627,1769904011
89220,zero_gap,10000,1767225695,rolling_pool_held_out,2026-01_to_2026-02,8,eurc_usdc_500,-0.5217171260584311,log_odds_offset,sign_offset,3600,1.0,4626,1627,1769904011
89220,closes_gap,10000,1767225695,rolling_pool_held_out,2026-01_to_2026-02,8,eurc_usdc_500,-0.6684774874423978,platt,global_platt,3600,1.2758931076687774,4626,1627,1769904011
89220,widens_gap,10000,1767225695,rolling_pool_held_out,2026-01_to_2026-02,8,eurc_usdc_500,-0.6684774874423978,platt,global_platt,3600,1.2758931076687774,4626,1627,1769904011
89220,zero_gap,10000,1767225695,rolling_pool_held_out,2026-01_to_2026-02,8,eurc_usdc_500,-0.6684774874423978,platt,global_platt,3600,1.2758931076687774,4626,1627,1769904011
89220,closes_gap,10000,1767225695,rolling_pool_held_out,2026-01_to_2026-02,8,eurc_usdc_500,0.9326562117290621,platt,sign_platt,3600,0.6561302120681,2339,1627,1769904011
89220,widens_gap,10000,1767225695,rolling_pool_held_out,2026-01_to_2026-02,8,eurc_usdc_500,-1.049319032467264,platt,sign_platt,3600,1.0000039373384836e-06,2287,1627,1769904011
89220,zero_gap,10000,1767225695,rolling_pool_held_out,2026-01_to_2026-02,8,eurc_usdc_500,-0.6684774874423978,platt,sign_platt,3600,1.2758931076687774,4626,1627,1769904011
89220,closes_gap,4167,1767225695,rolling_pool_held_out,2026-01_to_2026-02,8,paxg_usdc_500,0.0,identity,identity,3600,1.0,1942,9292,1769904011
89220,widens_gap,4167,1767225695,rolling_pool_held_out,2026-01_to_2026-02,8,paxg_usdc_500,0.0,identity,identity,3600,1.0,1942,9292,1769904011
89220,zero_gap,4167,1767225695,rolling_pool_held_out,2026-01_to_2026-02,8,paxg_usdc_500,0.0,identity,identity,3600,1.0,1942,9292,1769904011
89220,closes_gap,4167,1767225695,rolling_pool_held_out,2026-01_to_2026-02,8,paxg_usdc_500,0.15983488754989592,log_odds_offset,global_offset,3600,1.0,1942,9292,1769904011
89220,widens_gap,4167,1767225695,rolling_pool_held_out,2026-01_to_2026-02,8,paxg_usdc_500,0.15983488754989592,log_odds_offset,global_offset,3600,1.0,1942,9292,1769904011
89220,zero_gap,4167,1767225695,rolling_pool_held_out,2026-01_to_2026-02,8,paxg_usdc_500,0.15983488754989592,log_odds_offset,global_offset,3600,1.0,1942,9292,1769904011
89220,closes_gap,4167,1767225695,rolling_pool_held_out,2026-01_to_2026-02,8,paxg_usdc_500,0.05216620154430399,log_odds_offset,sign_offset,3600,1.0,1154,9292,1769904011
89220,widens_gap,4167,1767225695,rolling_pool_held_out,2026-01_to_2026-02,7,paxg_usdc_500,0.23044754847029492,log_odds_offset,sign_offset,3600,1.0,788,9292,1769904011
89220,zero_gap,4167,1767225695,rolling_pool_held_out,2026-01_to_2026-02,8,paxg_usdc_500,0.15983488754989592,log_odds_offset,sign_offset,3600,1.0,1942,9292,1769904011
89220,closes_gap,4167,1767225695,rolling_pool_held_out,2026-01_to_2026-02,8,paxg_usdc_500,0.2025364883546296,platt,global_platt,3600,0.7797136701636198,1942,9292,1769904011
89220,widens_gap,4167,1767225695,rolling_pool_held_out,2026-01_to_2026-02,8,paxg_usdc_500,0.2025364883546296,platt,global_platt,3600,0.7797136701636198,1942,9292,1769904011
89220,zero_gap,4167,1767225695,rolling_pool_held_out,2026-01_to_2026-02,8,paxg_usdc_500,0.2025364883546296,platt,global_platt,3600,0.7797136701636198,1942,9292,1769904011
89220,closes_gap,4167,1767225695,rolling_pool_held_out,2026-01_to_2026-02,8,paxg_usdc_500,0.4031178401929884,platt,sign_platt,3600,0.7215102039451851,1154,9292,1769904011
89220,widens_gap,4167,1767225695,rolling_pool_held_out,2026-01_to_2026-02,7,paxg_usdc_500,-0.0832014303874819,platt,sign_platt,3600,0.4609585026412331,788,9292,1769904011
89220,zero_gap,4167,1767225695,rolling_pool_held_out,2026-01_to_2026-02,8,paxg_usdc_500,0.2025364883546296,platt,sign_platt,3600,0.7797136701636198,1942,9292,1769904011
63494,closes_gap,8843,1767225695,rolling_pool_held_out,2026-01_to_2026-02,8,weth_usdc_3000,0.0,identity,identity,3600,1.0,2886,3169,1769904011
63494,widens_gap,8843,1767225695,rolling_pool_held_out,2026-01_to_2026-02,8,weth_usdc_3000,0.0,identity,identity,3600,1.0,2886,3169,1769904011
63494,zero_gap,8843,1767225695,rolling_pool_held_out,2026-01_to_2026-02,8,weth_usdc_3000,0.0,identity,identity,3600,1.0,2886,3169,1769904011
63494,closes_gap,8843,1767225695,rolling_pool_held_out,2026-01_to_2026-02,8,weth_usdc_3000,-0.9082054936092586,log_odds_offset,global_offset,3600,1.0,2886,3169,1769904011
63494,widens_gap,8843,1767225695,rolling_pool_held_out,2026-01_to_2026-02,8,weth_usdc_3000,-0.9082054936092586,log_odds_offset,global_offset,3600,1.0,2886,3169,1769904011
63494,zero_gap,8843,1767225695,rolling_pool_held_out,2026-01_to_2026-02,8,weth_usdc_3000,-0.9082054936092586,log_odds_offset,global_offset,3600,1.0,2886,3169,1769904011
63494,closes_gap,8843,1767225695,rolling_pool_held_out,2026-01_to_2026-02,8,weth_usdc_3000,0.9407084037934081,log_odds_offset,sign_offset,3600,1.0,1259,3169,1769904011
63494,widens_gap,8843,1767225695,rolling_pool_held_out,2026-01_to_2026-02,7,weth_usdc_3000,-3.0237963719478307,log_odds_offset,sign_offset,3600,1.0,1627,3169,1769904011
63494,zero_gap,8843,1767225695,rolling_pool_held_out,2026-01_to_2026-02,8,weth_usdc_3000,-0.9082054936092586,log_odds_offset,sign_offset,3600,1.0,2886,3169,1769904011
63494,closes_gap,8843,1767225695,rolling_pool_held_out,2026-01_to_2026-02,8,weth_usdc_3000,-1.963817928187323,platt,global_platt,3600,2.471857572240177,2886,3169,1769904011
63494,widens_gap,8843,1767225695,rolling_pool_held_out,2026-01_to_2026-02,8,weth_usdc_3000,-1.963817928187323,platt,global_platt,3600,2.471857572240177,2886,3169,1769904011
63494,zero_gap,8843,1767225695,rolling_pool_held_out,2026-01_to_2026-02,8,weth_usdc_3000,-1.963817928187323,platt,global_platt,3600,2.471857572240177,2886,3169,1769904011
63494,closes_gap,8843,1767225695,rolling_pool_held_out,2026-01_to_2026-02,8,weth_usdc_3000,1.5176079373880351,platt,sign_platt,3600,0.5613446349325254,1259,3169,1769904011
63494,widens_gap,8843,1767225695,rolling_pool_held_out,2026-01_to_2026-02,7,weth_usdc_3000,-1.885763222058623,platt,sign_platt,3600,1.0000185602632483e-06,1627,3169,1769904011
63494,zero_gap,8843,1767225695,rolling_pool_held_out,2026-01_to_2026-02,8,weth_usdc_3000,-1.963817928187323,platt,sign_platt,3600,2.471857572240177,2886,3169,1769904011
100725,closes_gap,14026,1769904011,rolling_chronological,2026-02_to_2026-03,11,,0.0,identity,identity,3600,1.0,4776,8977,1772323283
100725,widens_gap,14026,1769904011,rolling_chronological,2026-02_to_2026-03,11,,0.0,identity,identity,3600,1.0,4776,8977,1772323283
100725,zero_gap,14026,1769904011,rolling_chronological,2026-02_to_2026-03,11,,0.0,identity,identity,3600,1.0,4776,8977,1772323283
100725,closes_gap,14026,1769904011,rolling_chronological,2026-02_to_2026-03,11,,-0.44622659876635407,log_odds_offset,global_offset,3600,1.0,4776,8977,1772323283
100725,widens_gap,14026,1769904011,rolling_chronological,2026-02_to_2026-03,11,,-0.44622659876635407,log_odds_offset,global_offset,3600,1.0,4776,8977,1772323283
100725,zero_gap,14026,1769904011,rolling_chronological,2026-02_to_2026-03,11,,-0.44622659876635407,log_odds_offset,global_offset,3600,1.0,4776,8977,1772323283
100725,closes_gap,14026,1769904011,rolling_chronological,2026-02_to_2026-03,11,,-0.0658965903728098,log_odds_offset,sign_offset,3600,1.0,2282,8977,1772323283
100725,widens_gap,14026,1769904011,rolling_chronological,2026-02_to_2026-03,11,,-0.7382524144776443,log_odds_offset,sign_offset,3600,1.0,2494,8977,1772323283
100725,zero_gap,14026,1769904011,rolling_chronological,2026-02_to_2026-03,11,,-0.44622659876635407,log_odds_offset,sign_offset,3600,1.0,4776,8977,1772323283
100725,closes_gap,14026,1769904011,rolling_chronological,2026-02_to_2026-03,11,,-0.46548481035682787,platt,global_platt,3600,1.0487210814026053,4776,8977,1772323283
100725,widens_gap,14026,1769904011,rolling_chronological,2026-02_to_2026-03,11,,-0.46548481035682787,platt,global_platt,3600,1.0487210814026053,4776,8977,1772323283
100725,zero_gap,14026,1769904011,rolling_chronological,2026-02_to_2026-03,11,,-0.46548481035682787,platt,global_platt,3600,1.0487210814026053,4776,8977,1772323283
100725,closes_gap,14026,1769904011,rolling_chronological,2026-02_to_2026-03,11,,0.8841090927629317,platt,sign_platt,3600,0.4045282270015322,2282,8977,1772323283
100725,widens_gap,14026,1769904011,rolling_chronological,2026-02_to_2026-03,11,,-1.007815319339825,platt,sign_platt,3600,0.5676626625757701,2494,8977,1772323283
100725,zero_gap,14026,1769904011,rolling_chronological,2026-02_to_2026-03,11,,-0.46548481035682787,platt,sign_platt,3600,1.0487210814026053,4776,8977,1772323283
99220,closes_gap,12406,1769904011,rolling_pool_held_out,2026-02_to_2026-03,8,eurc_usdc_500,0.0,identity,identity,3600,1.0,4640,1651,1772323283
99220,widens_gap,12406,1769904011,rolling_pool_held_out,2026-02_to_2026-03,8,eurc_usdc_500,0.0,identity,identity,3600,1.0,4640,1651,1772323283
99220,zero_gap,12406,1769904011,rolling_pool_held_out,2026-02_to_2026-03,8,eurc_usdc_500,0.0,identity,identity,3600,1.0,4640,1651,1772323283
99220,closes_gap,12406,1769904011,rolling_pool_held_out,2026-02_to_2026-03,8,eurc_usdc_500,-0.42293056289834613,log_odds_offset,global_offset,3600,1.0,4640,1651,1772323283
99220,widens_gap,12406,1769904011,rolling_pool_held_out,2026-02_to_2026-03,8,eurc_usdc_500,-0.42293056289834613,log_odds_offset,global_offset,3600,1.0,4640,1651,1772323283
99220,zero_gap,12406,1769904011,rolling_pool_held_out,2026-02_to_2026-03,8,eurc_usdc_500,-0.42293056289834613,log_odds_offset,global_offset,3600,1.0,4640,1651,1772323283
99220,closes_gap,12406,1769904011,rolling_pool_held_out,2026-02_to_2026-03,8,eurc_usdc_500,-0.07905055336970568,log_odds_offset,sign_offset,3600,1.0,2238,1651,1772323283
99220,widens_gap,12406,1769904011,rolling_pool_held_out,2026-02_to_2026-03,8,eurc_usdc_500,-0.6884632779807678,log_odds_offset,sign_offset,3600,1.0,2402,1651,1772323283
99220,zero_gap,12406,1769904011,rolling_pool_held_out,2026-02_to_2026-03,8,eurc_usdc_500,-0.42293056289834613,log_odds_offset,sign_offset,3600,1.0,4640,1651,1772323283
99220,closes_gap,12406,1769904011,rolling_pool_held_out,2026-02_to_2026-03,8,eurc_usdc_500,-0.4322550911184239,platt,global_platt,3600,1.0237977292969678,4640,1651,1772323283
99220,widens_gap,12406,1769904011,rolling_pool_held_out,2026-02_to_2026-03,8,eurc_usdc_500,-0.4322550911184239,platt,global_platt,3600,1.0237977292969678,4640,1651,1772323283
99220,zero_gap,12406,1769904011,rolling_pool_held_out,2026-02_to_2026-03,8,eurc_usdc_500,-0.4322550911184239,platt,global_platt,3600,1.0237977292969678,4640,1651,1772323283
99220,closes_gap,12406,1769904011,rolling_pool_held_out,2026-02_to_2026-03,8,eurc_usdc_500,0.8929785361139466,platt,sign_platt,3600,0.38792330843442113,2238,1651,1772323283
99220,widens_gap,12406,1769904011,rolling_pool_held_out,2026-02_to_2026-03,8,eurc_usdc_500,-0.9515731670502868,platt,sign_platt,3600,0.5789852885300739,2402,1651,1772323283
99220,zero_gap,12406,1769904011,rolling_pool_held_out,2026-02_to_2026-03,8,eurc_usdc_500,-0.4322550911184239,platt,sign_platt,3600,1.0237977292969678,4640,1651,1772323283
93387,closes_gap,4770,1769904011,rolling_pool_held_out,2026-02_to_2026-03,7,paxg_usdc_500,0.0,identity,identity,3600,1.0,1782,5393,1772323283
93387,widens_gap,4770,1769904011,rolling_pool_held_out,2026-02_to_2026-03,7,paxg_usdc_500,0.0,identity,identity,3600,1.0,1782,5393,1772323283
93387,zero_gap,4770,1769904011,rolling_pool_held_out,2026-02_to_2026-03,7,paxg_usdc_500,0.0,identity,identity,3600,1.0,1782,5393,1772323283
93387,closes_gap,4770,1769904011,rolling_pool_held_out,2026-02_to_2026-03,7,paxg_usdc_500,0.11246278666799263,log_odds_offset,global_offset,3600,1.0,1782,5393,1772323283
93387,widens_gap,4770,1769904011,rolling_pool_held_out,2026-02_to_2026-03,7,paxg_usdc_500,0.11246278666799263,log_odds_offset,global_offset,3600,1.0,1782,5393,1772323283
93387,zero_gap,4770,1769904011,rolling_pool_held_out,2026-02_to_2026-03,7,paxg_usdc_500,0.11246278666799263,log_odds_offset,global_offset,3600,1.0,1782,5393,1772323283
93387,closes_gap,4770,1769904011,rolling_pool_held_out,2026-02_to_2026-03,7,paxg_usdc_500,-0.45291578826828865,log_odds_offset,sign_offset,3600,1.0,897,5393,1772323283
93387,widens_gap,4770,1769904011,rolling_pool_held_out,2026-02_to_2026-03,7,paxg_usdc_500,0.36059838989575227,log_odds_offset,sign_offset,3600,1.0,885,5393,1772323283
93387,zero_gap,4770,1769904011,rolling_pool_held_out,2026-02_to_2026-03,7,paxg_usdc_500,0.11246278666799263,log_odds_offset,sign_offset,3600,1.0,1782,5393,1772323283
93387,closes_gap,4770,1769904011,rolling_pool_held_out,2026-02_to_2026-03,7,paxg_usdc_500,0.22282921119935487,platt,global_platt,3600,0.5557872829155339,1782,5393,1772323283
93387,widens_gap,4770,1769904011,rolling_pool_held_out,2026-02_to_2026-03,7,paxg_usdc_500,0.22282921119935487,platt,global_platt,3600,0.5557872829155339,1782,5393,1772323283
93387,zero_gap,4770,1769904011,rolling_pool_held_out,2026-02_to_2026-03,7,paxg_usdc_500,0.22282921119935487,platt,global_platt,3600,0.5557872829155339,1782,5393,1772323283
93387,closes_gap,4770,1769904011,rolling_pool_held_out,2026-02_to_2026-03,7,paxg_usdc_500,0.4653361653251719,platt,sign_platt,3600,0.4714031650610908,897,5393,1772323283
93387,widens_gap,4770,1769904011,rolling_pool_held_out,2026-02_to_2026-03,7,paxg_usdc_500,0.10169687003907775,platt,sign_platt,3600,0.41957388690407915,885,5393,1772323283
93387,zero_gap,4770,1769904011,rolling_pool_held_out,2026-02_to_2026-03,7,paxg_usdc_500,0.22282921119935487,platt,sign_platt,3600,0.5557872829155339,1782,5393,1772323283
72337,closes_gap,10876,1769904011,rolling_pool_held_out,2026-02_to_2026-03,7,weth_usdc_3000,0.0,identity,identity,3600,1.0,3130,1933,1772323283
72337,widens_gap,10876,1769904011,rolling_pool_held_out,2026-02_to_2026-03,7,weth_usdc_3000,0.0,identity,identity,3600,1.0,3130,1933,1772323283
72337,zero_gap,10876,1769904011,rolling_pool_held_out,2026-02_to_2026-03,7,weth_usdc_3000,0.0,identity,identity,3600,1.0,3130,1933,1772323283
72337,closes_gap,10876,1769904011,rolling_pool_held_out,2026-02_to_2026-03,7,weth_usdc_3000,-0.7714465288194945,log_odds_offset,global_offset,3600,1.0,3130,1933,1772323283
72337,widens_gap,10876,1769904011,rolling_pool_held_out,2026-02_to_2026-03,7,weth_usdc_3000,-0.7714465288194945,log_odds_offset,global_offset,3600,1.0,3130,1933,1772323283
72337,zero_gap,10876,1769904011,rolling_pool_held_out,2026-02_to_2026-03,7,weth_usdc_3000,-0.7714465288194945,log_odds_offset,global_offset,3600,1.0,3130,1933,1772323283
72337,closes_gap,10876,1769904011,rolling_pool_held_out,2026-02_to_2026-03,7,weth_usdc_3000,0.13487809273706342,log_odds_offset,sign_offset,3600,1.0,1429,1933,1772323283
72337,widens_gap,10876,1769904011,rolling_pool_held_out,2026-02_to_2026-03,7,weth_usdc_3000,-2.387645503879401,log_odds_offset,sign_offset,3600,1.0,1701,1933,1772323283
72337,zero_gap,10876,1769904011,rolling_pool_held_out,2026-02_to_2026-03,7,weth_usdc_3000,-0.7714465288194945,log_odds_offset,sign_offset,3600,1.0,3130,1933,1772323283
72337,closes_gap,10876,1769904011,rolling_pool_held_out,2026-02_to_2026-03,7,weth_usdc_3000,-1.320613174860695,platt,global_platt,3600,1.7195725303796583,3130,1933,1772323283
72337,widens_gap,10876,1769904011,rolling_pool_held_out,2026-02_to_2026-03,7,weth_usdc_3000,-1.320613174860695,platt,global_platt,3600,1.7195725303796583,3130,1933,1772323283
72337,zero_gap,10876,1769904011,rolling_pool_held_out,2026-02_to_2026-03,7,weth_usdc_3000,-1.320613174860695,platt,global_platt,3600,1.7195725303796583,3130,1933,1772323283
72337,closes_gap,10876,1769904011,rolling_pool_held_out,2026-02_to_2026-03,7,weth_usdc_3000,1.3499039067845404,platt,sign_platt,3600,0.26093134156706155,1429,1933,1772323283
72337,widens_gap,10876,1769904011,rolling_pool_held_out,2026-02_to_2026-03,7,weth_usdc_3000,-2.9299426241182416,platt,sign_platt,3600,1.0000031066170324e-06,1701,1933,1772323283
72337,zero_gap,10876,1769904011,rolling_pool_held_out,2026-02_to_2026-03,7,weth_usdc_3000,-1.320613174860695,platt,sign_platt,3600,1.7195725303796583,3130,1933,1772323283
114917,closes_gap,8904,1772323283,rolling_chronological,2026-03_to_2026-04,11,,0.0,identity,identity,3600,1.0,3089,4285,1775001755
114917,widens_gap,8904,1772323283,rolling_chronological,2026-03_to_2026-04,11,,0.0,identity,identity,3600,1.0,3089,4285,1775001755
114917,zero_gap,8904,1772323283,rolling_chronological,2026-03_to_2026-04,11,,0.0,identity,identity,3600,1.0,3089,4285,1775001755
114917,closes_gap,8904,1772323283,rolling_chronological,2026-03_to_2026-04,11,,-0.13920506837694024,log_odds_offset,global_offset,3600,1.0,3089,4285,1775001755
114917,widens_gap,8904,1772323283,rolling_chronological,2026-03_to_2026-04,11,,-0.13920506837694024,log_odds_offset,global_offset,3600,1.0,3089,4285,1775001755
114917,zero_gap,8904,1772323283,rolling_chronological,2026-03_to_2026-04,11,,-0.13920506837694024,log_odds_offset,global_offset,3600,1.0,3089,4285,1775001755
114917,closes_gap,8904,1772323283,rolling_chronological,2026-03_to_2026-04,11,,0.010511419630124379,log_odds_offset,sign_offset,3600,1.0,1628,4285,1775001755
114917,widens_gap,8904,1772323283,rolling_chronological,2026-03_to_2026-04,11,,-0.24551438724665292,log_odds_offset,sign_offset,3600,1.0,1461,4285,1775001755
114917,zero_gap,8904,1772323283,rolling_chronological,2026-03_to_2026-04,11,,-0.13920506837694024,log_odds_offset,sign_offset,3600,1.0,3089,4285,1775001755
114917,closes_gap,8904,1772323283,rolling_chronological,2026-03_to_2026-04,11,,-0.13022018866180654,platt,global_platt,3600,0.936322098178798,3089,4285,1775001755
114917,widens_gap,8904,1772323283,rolling_chronological,2026-03_to_2026-04,11,,-0.13022018866180654,platt,global_platt,3600,0.936322098178798,3089,4285,1775001755
114917,zero_gap,8904,1772323283,rolling_chronological,2026-03_to_2026-04,11,,-0.13022018866180654,platt,global_platt,3600,0.936322098178798,3089,4285,1775001755
114917,closes_gap,8904,1772323283,rolling_chronological,2026-03_to_2026-04,11,,0.40610756083934957,platt,sign_platt,3600,0.6921865640346881,1628,4285,1775001755
114917,widens_gap,8904,1772323283,rolling_chronological,2026-03_to_2026-04,11,,-0.3008099569321375,platt,sign_platt,3600,0.9280720945931767,1461,4285,1775001755
114917,zero_gap,8904,1772323283,rolling_chronological,2026-03_to_2026-04,11,,-0.13022018866180654,platt,sign_platt,3600,0.936322098178798,3089,4285,1775001755
111759,closes_gap,7277,1772323283,rolling_pool_held_out,2026-03_to_2026-04,8,eurc_usdc_500,0.0,identity,identity,3600,1.0,3011,781,1775001755
111759,widens_gap,7277,1772323283,rolling_pool_held_out,2026-03_to_2026-04,8,eurc_usdc_500,0.0,identity,identity,3600,1.0,3011,781,1775001755
111759,zero_gap,7277,1772323283,rolling_pool_held_out,2026-03_to_2026-04,8,eurc_usdc_500,0.0,identity,identity,3600,1.0,3011,781,1775001755
111759,closes_gap,7277,1772323283,rolling_pool_held_out,2026-03_to_2026-04,8,eurc_usdc_500,-0.10397155745608322,log_odds_offset,global_offset,3600,1.0,3011,781,1775001755
111759,widens_gap,7277,1772323283,rolling_pool_held_out,2026-03_to_2026-04,8,eurc_usdc_500,-0.10397155745608322,log_odds_offset,global_offset,3600,1.0,3011,781,1775001755
111759,zero_gap,7277,1772323283,rolling_pool_held_out,2026-03_to_2026-04,8,eurc_usdc_500,-0.10397155745608322,log_odds_offset,global_offset,3600,1.0,3011,781,1775001755
111759,closes_gap,7277,1772323283,rolling_pool_held_out,2026-03_to_2026-04,8,eurc_usdc_500,0.04630570544289082,log_odds_offset,sign_offset,3600,1.0,1597,781,1775001755
111759,widens_gap,7277,1772323283,rolling_pool_held_out,2026-03_to_2026-04,8,eurc_usdc_500,-0.20745937527496575,log_odds_offset,sign_offset,3600,1.0,1414,781,1775001755
111759,zero_gap,7277,1772323283,rolling_pool_held_out,2026-03_to_2026-04,8,eurc_usdc_500,-0.10397155745608322,log_odds_offset,sign_offset,3600,1.0,3011,781,1775001755
111759,closes_gap,7277,1772323283,rolling_pool_held_out,2026-03_to_2026-04,8,eurc_usdc_500,-0.09191332530223183,platt,global_platt,3600,0.9181540715072172,3011,781,1775001755
111759,widens_gap,7277,1772323283,rolling_pool_held_out,2026-03_to_2026-04,8,eurc_usdc_500,-0.09191332530223183,platt,global_platt,3600,0.9181540715072172,3011,781,1775001755
111759,zero_gap,7277,1772323283,rolling_pool_held_out,2026-03_to_2026-04,8,eurc_usdc_500,-0.09191332530223183,platt,global_platt,3600,0.9181540715072172,3011,781,1775001755
111759,closes_gap,7277,1772323283,rolling_pool_held_out,2026-03_to_2026-04,8,eurc_usdc_500,0.5464729462715301,platt,sign_platt,3600,0.6247251804799455,1597,781,1775001755
111759,widens_gap,7277,1772323283,rolling_pool_held_out,2026-03_to_2026-04,8,eurc_usdc_500,-0.2532622966183657,platt,sign_platt,3600,0.94013078717027,1414,781,1775001755
111759,zero_gap,7277,1772323283,rolling_pool_held_out,2026-03_to_2026-04,8,eurc_usdc_500,-0.09191332530223183,platt,sign_platt,3600,0.9181540715072172,3011,781,1775001755
98256,closes_gap,3543,1772323283,rolling_pool_held_out,2026-03_to_2026-04,7,paxg_usdc_500,0.0,identity,identity,3600,1.0,1154,1678,1775001755
98256,widens_gap,3543,1772323283,rolling_pool_held_out,2026-03_to_2026-04,7,paxg_usdc_500,0.0,identity,identity,3600,1.0,1154,1678,1775001755
98256,zero_gap,3543,1772323283,rolling_pool_held_out,2026-03_to_2026-04,7,paxg_usdc_500,0.0,identity,identity,3600,1.0,1154,1678,1775001755
98256,closes_gap,3543,1772323283,rolling_pool_held_out,2026-03_to_2026-04,7,paxg_usdc_500,0.793254315085398,log_odds_offset,global_offset,3600,1.0,1154,1678,1775001755
98256,widens_gap,3543,1772323283,rolling_pool_held_out,2026-03_to_2026-04,7,paxg_usdc_500,0.793254315085398,log_odds_offset,global_offset,3600,1.0,1154,1678,1775001755
98256,zero_gap,3543,1772323283,rolling_pool_held_out,2026-03_to_2026-04,7,paxg_usdc_500,0.793254315085398,log_odds_offset,global_offset,3600,1.0,1154,1678,1775001755
98256,closes_gap,3543,1772323283,rolling_pool_held_out,2026-03_to_2026-04,7,paxg_usdc_500,0.26007493119848835,log_odds_offset,sign_offset,3600,1.0,646,1678,1775001755
98256,widens_gap,3543,1772323283,rolling_pool_held_out,2026-03_to_2026-04,7,paxg_usdc_500,1.0370297388999465,log_odds_offset,sign_offset,3600,1.0,508,1678,1775001755
98256,zero_gap,3543,1772323283,rolling_pool_held_out,2026-03_to_2026-04,7,paxg_usdc_500,0.793254315085398,log_odds_offset,sign_offset,3600,1.0,1154,1678,1775001755
98256,closes_gap,3543,1772323283,rolling_pool_held_out,2026-03_to_2026-04,7,paxg_usdc_500,0.7349685159998691,platt,global_platt,3600,0.614433413870804,1154,1678,1775001755
98256,widens_gap,3543,1772323283,rolling_pool_held_out,2026-03_to_2026-04,7,paxg_usdc_500,0.7349685159998691,platt,global_platt,3600,0.614433413870804,1154,1678,1775001755
98256,zero_gap,3543,1772323283,rolling_pool_held_out,2026-03_to_2026-04,7,paxg_usdc_500,0.7349685159998691,platt,global_platt,3600,0.614433413870804,1154,1678,1775001755
98256,closes_gap,3543,1772323283,rolling_pool_held_out,2026-03_to_2026-04,7,paxg_usdc_500,0.5611773764448578,platt,sign_platt,3600,0.6827181027883957,646,1678,1775001755
98256,widens_gap,3543,1772323283,rolling_pool_held_out,2026-03_to_2026-04,7,paxg_usdc_500,0.7571056219807771,platt,sign_platt,3600,0.541741486113209,508,1678,1775001755
98256,zero_gap,3543,1772323283,rolling_pool_held_out,2026-03_to_2026-04,7,paxg_usdc_500,0.7349685159998691,platt,sign_platt,3600,0.614433413870804,1154,1678,1775001755
83313,closes_gap,6988,1772323283,rolling_pool_held_out,2026-03_to_2026-04,7,weth_usdc_3000,0.0,identity,identity,3600,1.0,2013,1826,1775001755
83313,widens_gap,6988,1772323283,rolling_pool_held_out,2026-03_to_2026-04,7,weth_usdc_3000,0.0,identity,identity,3600,1.0,2013,1826,1775001755
83313,zero_gap,6988,1772323283,rolling_pool_held_out,2026-03_to_2026-04,7,weth_usdc_3000,0.0,identity,identity,3600,1.0,2013,1826,1775001755
83313,closes_gap,6988,1772323283,rolling_pool_held_out,2026-03_to_2026-04,7,weth_usdc_3000,-0.6318475705144526,log_odds_offset,global_offset,3600,1.0,2013,1826,1775001755
83313,widens_gap,6988,1772323283,rolling_pool_held_out,2026-03_to_2026-04,7,weth_usdc_3000,-0.6318475705144526,log_odds_offset,global_offset,3600,1.0,2013,1826,1775001755
83313,zero_gap,6988,1772323283,rolling_pool_held_out,2026-03_to_2026-04,7,weth_usdc_3000,-0.6318475705144526,log_odds_offset,global_offset,3600,1.0,2013,1826,1775001755
83313,closes_gap,6988,1772323283,rolling_pool_held_out,2026-03_to_2026-04,7,weth_usdc_3000,-0.049135421585852726,log_odds_offset,sign_offset,3600,1.0,1013,1826,1775001755
83313,widens_gap,6988,1772323283,rolling_pool_held_out,2026-03_to_2026-04,7,weth_usdc_3000,-1.7559132913537951,log_odds_offset,sign_offset,3600,1.0,1000,1826,1775001755
83313,zero_gap,6988,1772323283,rolling_pool_held_out,2026-03_to_2026-04,7,weth_usdc_3000,-0.6318475705144526,log_odds_offset,sign_offset,3600,1.0,2013,1826,1775001755
83313,closes_gap,6988,1772323283,rolling_pool_held_out,2026-03_to_2026-04,7,weth_usdc_3000,-0.7852240790763947,platt,global_platt,3600,1.2687105299042083,2013,1826,1775001755
83313,widens_gap,6988,1772323283,rolling_pool_held_out,2026-03_to_2026-04,7,weth_usdc_3000,-0.7852240790763947,platt,global_platt,3600,1.2687105299042083,2013,1826,1775001755
83313,zero_gap,6988,1772323283,rolling_pool_held_out,2026-03_to_2026-04,7,weth_usdc_3000,-0.7852240790763947,platt,global_platt,3600,1.2687105299042083,2013,1826,1775001755
83313,closes_gap,6988,1772323283,rolling_pool_held_out,2026-03_to_2026-04,7,weth_usdc_3000,0.30916977854769007,platt,sign_platt,3600,0.7223171688025977,1013,1826,1775001755
83313,widens_gap,6988,1772323283,rolling_pool_held_out,2026-03_to_2026-04,7,weth_usdc_3000,-1.9588363566445337,platt,sign_platt,3600,0.8051783109001815,1000,1826,1775001755
83313,zero_gap,6988,1772323283,rolling_pool_held_out,2026-03_to_2026-04,7,weth_usdc_3000,-0.7852240790763947,platt,sign_platt,3600,1.2687105299042083,2013,1826,1775001755
123883,closes_gap,4269,1775001755,rolling_chronological,2026-04_to_2026-05,12,,0.0,identity,identity,3600,1.0,1804,3053,1777593611
123883,widens_gap,4269,1775001755,rolling_chronological,2026-04_to_2026-05,12,,0.0,identity,identity,3600,1.0,1804,3053,1777593611
123883,zero_gap,4269,1775001755,rolling_chronological,2026-04_to_2026-05,12,,0.0,identity,identity,3600,1.0,1804,3053,1777593611
123883,closes_gap,4269,1775001755,rolling_chronological,2026-04_to_2026-05,12,,-0.4076626769944376,log_odds_offset,global_offset,3600,1.0,1804,3053,1777593611
123883,widens_gap,4269,1775001755,rolling_chronological,2026-04_to_2026-05,12,,-0.4076626769944376,log_odds_offset,global_offset,3600,1.0,1804,3053,1777593611
123883,zero_gap,4269,1775001755,rolling_chronological,2026-04_to_2026-05,12,,-0.4076626769944376,log_odds_offset,global_offset,3600,1.0,1804,3053,1777593611
123883,closes_gap,4269,1775001755,rolling_chronological,2026-04_to_2026-05,12,,0.5959698862880768,log_odds_offset,sign_offset,3600,1.0,882,3053,1777593611
123883,widens_gap,4269,1775001755,rolling_chronological,2026-04_to_2026-05,12,,-0.990893689558343,log_odds_offset,sign_offset,3600,1.0,922,3053,1777593611
123883,zero_gap,4269,1775001755,rolling_chronological,2026-04_to_2026-05,12,,-0.4076626769944376,log_odds_offset,sign_offset,3600,1.0,1804,3053,1777593611
123883,closes_gap,4269,1775001755,rolling_chronological,2026-04_to_2026-05,12,,-0.48618342582273677,platt,global_platt,3600,1.3445936681050052,1804,3053,1777593611
123883,widens_gap,4269,1775001755,rolling_chronological,2026-04_to_2026-05,12,,-0.48618342582273677,platt,global_platt,3600,1.3445936681050052,1804,3053,1777593611
123883,zero_gap,4269,1775001755,rolling_chronological,2026-04_to_2026-05,12,,-0.48618342582273677,platt,global_platt,3600,1.3445936681050052,1804,3053,1777593611
123883,closes_gap,4269,1775001755,rolling_chronological,2026-04_to_2026-05,12,,0.5617556472443076,platt,sign_platt,3600,1.0361536473364419,882,3053,1777593611
123883,widens_gap,4269,1775001755,rolling_chronological,2026-04_to_2026-05,12,,-1.254462258806232,platt,sign_platt,3600,1.0000114369751038e-06,922,3053,1777593611
123883,zero_gap,4269,1775001755,rolling_chronological,2026-04_to_2026-05,12,,-0.48618342582273677,platt,sign_platt,3600,1.3445936681050052,1804,3053,1777593611
119091,closes_gap,3489,1775001755,rolling_pool_held_out,2026-04_to_2026-05,8,eurc_usdc_500,0.0,identity,identity,3600,1.0,1740,548,1777593611
119091,widens_gap,3489,1775001755,rolling_pool_held_out,2026-04_to_2026-05,8,eurc_usdc_500,0.0,identity,identity,3600,1.0,1740,548,1777593611
119091,zero_gap,3489,1775001755,rolling_pool_held_out,2026-04_to_2026-05,8,eurc_usdc_500,0.0,identity,identity,3600,1.0,1740,548,1777593611
119091,closes_gap,3489,1775001755,rolling_pool_held_out,2026-04_to_2026-05,8,eurc_usdc_500,-0.388864839482906,log_odds_offset,global_offset,3600,1.0,1740,548,1777593611
119091,widens_gap,3489,1775001755,rolling_pool_held_out,2026-04_to_2026-05,8,eurc_usdc_500,-0.388864839482906,log_odds_offset,global_offset,3600,1.0,1740,548,1777593611
119091,zero_gap,3489,1775001755,rolling_pool_held_out,2026-04_to_2026-05,8,eurc_usdc_500,-0.388864839482906,log_odds_offset,global_offset,3600,1.0,1740,548,1777593611
119091,closes_gap,3489,1775001755,rolling_pool_held_out,2026-04_to_2026-05,8,eurc_usdc_500,0.6509838241721723,log_odds_offset,sign_offset,3600,1.0,850,548,1777593611
119091,widens_gap,3489,1775001755,rolling_pool_held_out,2026-04_to_2026-05,8,eurc_usdc_500,-0.966967994028119,log_odds_offset,sign_offset,3600,1.0,890,548,1777593611
119091,zero_gap,3489,1775001755,rolling_pool_held_out,2026-04_to_2026-05,8,eurc_usdc_500,-0.388864839482906,log_odds_offset,sign_offset,3600,1.0,1740,548,1777593611
119091,closes_gap,3489,1775001755,rolling_pool_held_out,2026-04_to_2026-05,8,eurc_usdc_500,-0.4653541120505275,platt,global_platt,3600,1.3207200396807874,1740,548,1777593611
119091,widens_gap,3489,1775001755,rolling_pool_held_out,2026-04_to_2026-05,8,eurc_usdc_500,-0.4653541120505275,platt,global_platt,3600,1.3207200396807874,1740,548,1777593611
119091,zero_gap,3489,1775001755,rolling_pool_held_out,2026-04_to_2026-05,8,eurc_usdc_500,-0.4653541120505275,platt,global_platt,3600,1.3207200396807874,1740,548,1777593611
119091,closes_gap,3489,1775001755,rolling_pool_held_out,2026-04_to_2026-05,8,eurc_usdc_500,0.6842202419721032,platt,sign_platt,3600,0.9664914050400398,850,548,1777593611
119091,widens_gap,3489,1775001755,rolling_pool_held_out,2026-04_to_2026-05,8,eurc_usdc_500,-1.1682456198748168,platt,sign_platt,3600,1.0000019380387162e-06,890,548,1777593611
119091,zero_gap,3489,1775001755,rolling_pool_held_out,2026-04_to_2026-05,8,eurc_usdc_500,-0.4653541120505275,platt,sign_platt,3600,1.3207200396807874,1740,548,1777593611
101825,closes_gap,2598,1775001755,rolling_pool_held_out,2026-04_to_2026-05,8,paxg_usdc_500,0.0,identity,identity,3600,1.0,924,1240,1777593611
101825,widens_gap,2598,1775001755,rolling_pool_held_out,2026-04_to_2026-05,8,paxg_usdc_500,0.0,identity,identity,3600,1.0,924,1240,1777593611
101825,zero_gap,2598,1775001755,rolling_pool_held_out,2026-04_to_2026-05,8,paxg_usdc_500,0.0,identity,identity,3600,1.0,924,1240,1777593611
101825,closes_gap,2598,1775001755,rolling_pool_held_out,2026-04_to_2026-05,8,paxg_usdc_500,0.3873188190216014,log_odds_offset,global_offset,3600,1.0,924,1240,1777593611
101825,widens_gap,2598,1775001755,rolling_pool_held_out,2026-04_to_2026-05,8,paxg_usdc_500,0.3873188190216014,log_odds_offset,global_offset,3600,1.0,924,1240,1777593611
101825,zero_gap,2598,1775001755,rolling_pool_held_out,2026-04_to_2026-05,8,paxg_usdc_500,0.3873188190216014,log_odds_offset,global_offset,3600,1.0,924,1240,1777593611
101825,closes_gap,2598,1775001755,rolling_pool_held_out,2026-04_to_2026-05,8,paxg_usdc_500,0.37877781954732476,log_odds_offset,sign_offset,3600,1.0,564,1240,1777593611
101825,widens_gap,2598,1775001755,rolling_pool_held_out,2026-04_to_2026-05,8,paxg_usdc_500,0.391984035947904,log_odds_offset,sign_offset,3600,1.0,360,1240,1777593611
101825,zero_gap,2598,1775001755,rolling_pool_held_out,2026-04_to_2026-05,8,paxg_usdc_500,0.3873188190216014,log_odds_offset,sign_offset,3600,1.0,924,1240,1777593611
101825,closes_gap,2598,1775001755,rolling_pool_held_out,2026-04_to_2026-05,8,paxg_usdc_500,0.383175612256546,platt,global_platt,3600,0.9096897764274741,924,1240,1777593611
101825,widens_gap,2598,1775001755,rolling_pool_held_out,2026-04_to_2026-05,8,paxg_usdc_500,0.383175612256546,platt,global_platt,3600,0.9096897764274741,924,1240,1777593611
101825,zero_gap,2598,1775001755,rolling_pool_held_out,2026-04_to_2026-05,8,paxg_usdc_500,0.383175612256546,platt,global_platt,3600,0.9096897764274741,924,1240,1777593611
101825,closes_gap,2598,1775001755,rolling_pool_held_out,2026-04_to_2026-05,8,paxg_usdc_500,0.44481145851258447,platt,sign_platt,3600,0.9285215773899039,564,1240,1777593611
101825,widens_gap,2598,1775001755,rolling_pool_held_out,2026-04_to_2026-05,8,paxg_usdc_500,-0.0474080478302004,platt,sign_platt,3600,0.30744954193277635,360,1240,1777593611
101825,zero_gap,2598,1775001755,rolling_pool_held_out,2026-04_to_2026-05,8,paxg_usdc_500,0.383175612256546,platt,sign_platt,3600,0.9096897764274741,924,1240,1777593611
90344,closes_gap,2451,1775001755,rolling_pool_held_out,2026-04_to_2026-05,8,weth_usdc_3000,0.0,identity,identity,3600,1.0,944,1265,1777593611
90344,widens_gap,2451,1775001755,rolling_pool_held_out,2026-04_to_2026-05,8,weth_usdc_3000,0.0,identity,identity,3600,1.0,944,1265,1777593611
90344,zero_gap,2451,1775001755,rolling_pool_held_out,2026-04_to_2026-05,8,weth_usdc_3000,0.0,identity,identity,3600,1.0,944,1265,1777593611
90344,closes_gap,2451,1775001755,rolling_pool_held_out,2026-04_to_2026-05,8,weth_usdc_3000,-0.9743132169686575,log_odds_offset,global_offset,3600,1.0,944,1265,1777593611
90344,widens_gap,2451,1775001755,rolling_pool_held_out,2026-04_to_2026-05,8,weth_usdc_3000,-0.9743132169686575,log_odds_offset,global_offset,3600,1.0,944,1265,1777593611
90344,zero_gap,2451,1775001755,rolling_pool_held_out,2026-04_to_2026-05,8,weth_usdc_3000,-0.9743132169686575,log_odds_offset,global_offset,3600,1.0,944,1265,1777593611
90344,closes_gap,2451,1775001755,rolling_pool_held_out,2026-04_to_2026-05,8,weth_usdc_3000,0.9040014410219642,log_odds_offset,sign_offset,3600,1.0,350,1265,1777593611
90344,widens_gap,2451,1775001755,rolling_pool_held_out,2026-04_to_2026-05,8,weth_usdc_3000,-4.403837079814097,log_odds_offset,sign_offset,3600,1.0,594,1265,1777593611
90344,zero_gap,2451,1775001755,rolling_pool_held_out,2026-04_to_2026-05,8,weth_usdc_3000,-0.9743132169686575,log_odds_offset,sign_offset,3600,1.0,944,1265,1777593611
90344,closes_gap,2451,1775001755,rolling_pool_held_out,2026-04_to_2026-05,8,weth_usdc_3000,-1.901047044740695,platt,global_platt,3600,2.659593591466539,944,1265,1777593611
90344,widens_gap,2451,1775001755,rolling_pool_held_out,2026-04_to_2026-05,8,weth_usdc_3000,-1.901047044740695,platt,global_platt,3600,2.659593591466539,944,1265,1777593611
90344,zero_gap,2451,1775001755,rolling_pool_held_out,2026-04_to_2026-05,8,weth_usdc_3000,-1.901047044740695,platt,global_platt,3600,2.659593591466539,944,1265,1777593611
90344,closes_gap,2451,1775001755,rolling_pool_held_out,2026-04_to_2026-05,8,weth_usdc_3000,0.5937676956360162,platt,sign_platt,3600,1.3456463420550762,350,1265,1777593611
90344,widens_gap,2451,1775001755,rolling_pool_held_out,2026-04_to_2026-05,8,weth_usdc_3000,-3.9507961155218063,platt,sign_platt,3600,1.0000008041776206e-06,594,1265,1777593611
90344,zero_gap,2451,1775001755,rolling_pool_held_out,2026-04_to_2026-05,8,weth_usdc_3000,-1.901047044740695,platt,sign_platt,3600,2.659593591466539,944,1265,1777593611
128225,closes_gap,2999,1777593611,rolling_chronological,2026-05_to_2026-06,12,,0.0,identity,identity,3600,1.0,1201,4458,1780272011
128225,widens_gap,2999,1777593611,rolling_chronological,2026-05_to_2026-06,12,,0.0,identity,identity,3600,1.0,1201,4458,1780272011
128225,zero_gap,2999,1777593611,rolling_chronological,2026-05_to_2026-06,12,,0.0,identity,identity,3600,1.0,1201,4458,1780272011
128225,closes_gap,2999,1777593611,rolling_chronological,2026-05_to_2026-06,12,,-0.4536200573049826,log_odds_offset,global_offset,3600,1.0,1201,4458,1780272011
128225,widens_gap,2999,1777593611,rolling_chronological,2026-05_to_2026-06,12,,-0.4536200573049826,log_odds_offset,global_offset,3600,1.0,1201,4458,1780272011
128225,zero_gap,2999,1777593611,rolling_chronological,2026-05_to_2026-06,12,,-0.4536200573049826,log_odds_offset,global_offset,3600,1.0,1201,4458,1780272011
128225,closes_gap,2999,1777593611,rolling_chronological,2026-05_to_2026-06,11,,0.37420721248137007,log_odds_offset,sign_offset,3600,1.0,559,4458,1780272011
128225,widens_gap,2999,1777593611,rolling_chronological,2026-05_to_2026-06,12,,-0.9505819800975696,log_odds_offset,sign_offset,3600,1.0,642,4458,1780272011
128225,zero_gap,2999,1777593611,rolling_chronological,2026-05_to_2026-06,12,,-0.4536200573049826,log_odds_offset,sign_offset,3600,1.0,1201,4458,1780272011
128225,closes_gap,2999,1777593611,rolling_chronological,2026-05_to_2026-06,12,,-0.5056436072289882,platt,global_platt,3600,1.4779729908852328,1201,4458,1780272011
128225,widens_gap,2999,1777593611,rolling_chronological,2026-05_to_2026-06,12,,-0.5056436072289882,platt,global_platt,3600,1.4779729908852328,1201,4458,1780272011
128225,zero_gap,2999,1777593611,rolling_chronological,2026-05_to_2026-06,12,,-0.5056436072289882,platt,global_platt,3600,1.4779729908852328,1201,4458,1780272011
128225,closes_gap,2999,1777593611,rolling_chronological,2026-05_to_2026-06,11,,0.04660948055993229,platt,sign_platt,3600,1.3431034753692845,559,4458,1780272011
128225,widens_gap,2999,1777593611,rolling_chronological,2026-05_to_2026-06,12,,-1.313889533081865,platt,sign_platt,3600,0.44547633951466475,642,4458,1780272011
128225,zero_gap,2999,1777593611,rolling_chronological,2026-05_to_2026-06,12,,-0.5056436072289882,platt,sign_platt,3600,1.4779729908852328,1201,4458,1780272011
122629,closes_gap,2458,1777593611,rolling_pool_held_out,2026-05_to_2026-06,8,eurc_usdc_500,0.0,identity,identity,3600,1.0,1134,570,1780272011
122629,widens_gap,2458,1777593611,rolling_pool_held_out,2026-05_to_2026-06,8,eurc_usdc_500,0.0,identity,identity,3600,1.0,1134,570,1780272011
122629,zero_gap,2458,1777593611,rolling_pool_held_out,2026-05_to_2026-06,8,eurc_usdc_500,0.0,identity,identity,3600,1.0,1134,570,1780272011
122629,closes_gap,2458,1777593611,rolling_pool_held_out,2026-05_to_2026-06,8,eurc_usdc_500,-0.41416826262090717,log_odds_offset,global_offset,3600,1.0,1134,570,1780272011
122629,widens_gap,2458,1777593611,rolling_pool_held_out,2026-05_to_2026-06,8,eurc_usdc_500,-0.41416826262090717,log_odds_offset,global_offset,3600,1.0,1134,570,1780272011
122629,zero_gap,2458,1777593611,rolling_pool_held_out,2026-05_to_2026-06,8,eurc_usdc_500,-0.41416826262090717,log_odds_offset,global_offset,3600,1.0,1134,570,1780272011
122629,closes_gap,2458,1777593611,rolling_pool_held_out,2026-05_to_2026-06,8,eurc_usdc_500,0.4502515907593342,log_odds_offset,sign_offset,3600,1.0,535,570,1780272011
122629,widens_gap,2458,1777593611,rolling_pool_held_out,2026-05_to_2026-06,8,eurc_usdc_500,-0.9036974231496375,log_odds_offset,sign_offset,3600,1.0,599,570,1780272011
122629,zero_gap,2458,1777593611,rolling_pool_held_out,2026-05_to_2026-06,8,eurc_usdc_500,-0.41416826262090717,log_odds_offset,sign_offset,3600,1.0,1134,570,1780272011
122629,closes_gap,2458,1777593611,rolling_pool_held_out,2026-05_to_2026-06,8,eurc_usdc_500,-0.4709250003474933,platt,global_platt,3600,1.4441006110168386,1134,570,1780272011
122629,widens_gap,2458,1777593611,rolling_pool_held_out,2026-05_to_2026-06,8,eurc_usdc_500,-0.4709250003474933,platt,global_platt,3600,1.4441006110168386,1134,570,1780272011
122629,zero_gap,2458,1777593611,rolling_pool_held_out,2026-05_to_2026-06,8,eurc_usdc_500,-0.4709250003474933,platt,global_platt,3600,1.4441006110168386,1134,570,1780272011
122629,closes_gap,2458,1777593611,rolling_pool_held_out,2026-05_to_2026-06,8,eurc_usdc_500,0.17911109531577482,platt,sign_platt,3600,1.2713903718856856,535,570,1780272011
122629,widens_gap,2458,1777593611,rolling_pool_held_out,2026-05_to_2026-06,8,eurc_usdc_500,-1.3174815799641966,platt,sign_platt,3600,0.3485075660671941,599,570,1780272011
122629,zero_gap,2458,1777593611,rolling_pool_held_out,2026-05_to_2026-06,8,eurc_usdc_500,-0.4709250003474933,platt,sign_platt,3600,1.4441006110168386,1134,570,1780272011
104464,closes_gap,1777,1777593611,rolling_pool_held_out,2026-05_to_2026-06,8,paxg_usdc_500,0.0,identity,identity,3600,1.0,705,1686,1780272011
104464,widens_gap,1777,1777593611,rolling_pool_held_out,2026-05_to_2026-06,8,paxg_usdc_500,0.0,identity,identity,3600,1.0,705,1686,1780272011
104464,zero_gap,1777,1777593611,rolling_pool_held_out,2026-05_to_2026-06,8,paxg_usdc_500,0.0,identity,identity,3600,1.0,705,1686,1780272011
104464,closes_gap,1777,1777593611,rolling_pool_held_out,2026-05_to_2026-06,8,paxg_usdc_500,-0.0971682112605523,log_odds_offset,global_offset,3600,1.0,705,1686,1780272011
104464,widens_gap,1777,1777593611,rolling_pool_held_out,2026-05_to_2026-06,8,paxg_usdc_500,-0.0971682112605523,log_odds_offset,global_offset,3600,1.0,705,1686,1780272011
104464,zero_gap,1777,1777593611,rolling_pool_held_out,2026-05_to_2026-06,8,paxg_usdc_500,-0.0971682112605523,log_odds_offset,global_offset,3600,1.0,705,1686,1780272011
104464,closes_gap,1777,1777593611,rolling_pool_held_out,2026-05_to_2026-06,7,paxg_usdc_500,0.31063423491137715,log_odds_offset,sign_offset,3600,1.0,367,1686,1780272011
104464,widens_gap,1777,1777593611,rolling_pool_held_out,2026-05_to_2026-06,8,paxg_usdc_500,-0.2890802095045585,log_odds_offset,sign_offset,3600,1.0,338,1686,1780272011
104464,zero_gap,1777,1777593611,rolling_pool_held_out,2026-05_to_2026-06,8,paxg_usdc_500,-0.0971682112605523,log_odds_offset,sign_offset,3600,1.0,705,1686,1780272011
104464,closes_gap,1777,1777593611,rolling_pool_held_out,2026-05_to_2026-06,8,paxg_usdc_500,-0.07332548407422086,platt,global_platt,3600,1.3149715801497381,705,1686,1780272011
104464,widens_gap,1777,1777593611,rolling_pool_held_out,2026-05_to_2026-06,8,paxg_usdc_500,-0.07332548407422086,platt,global_platt,3600,1.3149715801497381,705,1686,1780272011
104464,zero_gap,1777,1777593611,rolling_pool_held_out,2026-05_to_2026-06,8,paxg_usdc_500,-0.07332548407422086,platt,global_platt,3600,1.3149715801497381,705,1686,1780272011
104464,closes_gap,1777,1777593611,rolling_pool_held_out,2026-05_to_2026-06,7,paxg_usdc_500,0.013875792069828075,platt,sign_platt,3600,1.4503426573875289,367,1686,1780272011
104464,widens_gap,1777,1777593611,rolling_pool_held_out,2026-05_to_2026-06,8,paxg_usdc_500,-0.7771829715649212,platt,sign_platt,3600,0.10695658014134445,338,1686,1780272011
104464,zero_gap,1777,1777593611,rolling_pool_held_out,2026-05_to_2026-06,8,paxg_usdc_500,-0.07332548407422086,platt,sign_platt,3600,1.3149715801497381,705,1686,1780272011
92851,closes_gap,1763,1777593611,rolling_pool_held_out,2026-05_to_2026-06,8,weth_usdc_3000,0.0,identity,identity,3600,1.0,563,2202,1780272011
92851,widens_gap,1763,1777593611,rolling_pool_held_out,2026-05_to_2026-06,8,weth_usdc_3000,0.0,identity,identity,3600,1.0,563,2202,1780272011
92851,zero_gap,1763,1777593611,rolling_pool_held_out,2026-05_to_2026-06,8,weth_usdc_3000,0.0,identity,identity,3600,1.0,563,2202,1780272011
92851,closes_gap,1763,1777593611,rolling_pool_held_out,2026-05_to_2026-06,8,weth_usdc_3000,-0.9295440046554216,log_odds_offset,global_offset,3600,1.0,563,2202,1780272011
92851,widens_gap,1763,1777593611,rolling_pool_held_out,2026-05_to_2026-06,8,weth_usdc_3000,-0.9295440046554216,log_odds_offset,global_offset,3600,1.0,563,2202,1780272011
92851,zero_gap,1763,1777593611,rolling_pool_held_out,2026-05_to_2026-06,8,weth_usdc_3000,-0.9295440046554216,log_odds_offset,global_offset,3600,1.0,563,2202,1780272011
92851,closes_gap,1763,1777593611,rolling_pool_held_out,2026-05_to_2026-06,7,weth_usdc_3000,0.39324843482128213,log_odds_offset,sign_offset,3600,1.0,216,2202,1780272011
92851,widens_gap,1763,1777593611,rolling_pool_held_out,2026-05_to_2026-06,8,weth_usdc_3000,-4.671470669686861,log_odds_offset,sign_offset,3600,1.0,347,2202,1780272011
92851,zero_gap,1763,1777593611,rolling_pool_held_out,2026-05_to_2026-06,8,weth_usdc_3000,-0.9295440046554216,log_odds_offset,sign_offset,3600,1.0,563,2202,1780272011
92851,closes_gap,1763,1777593611,rolling_pool_held_out,2026-05_to_2026-06,8,weth_usdc_3000,-1.7425787715174086,platt,global_platt,3600,2.1961100212056297,563,2202,1780272011
92851,widens_gap,1763,1777593611,rolling_pool_held_out,2026-05_to_2026-06,8,weth_usdc_3000,-1.7425787715174086,platt,global_platt,3600,2.1961100212056297,563,2202,1780272011
92851,zero_gap,1763,1777593611,rolling_pool_held_out,2026-05_to_2026-06,8,weth_usdc_3000,-1.7425787715174086,platt,global_platt,3600,2.1961100212056297,563,2202,1780272011
92851,closes_gap,1763,1777593611,rolling_pool_held_out,2026-05_to_2026-06,7,weth_usdc_3000,0.1784123902550861,platt,sign_platt,3600,1.1875902813152368,216,2202,1780272011
92851,widens_gap,1763,1777593611,rolling_pool_held_out,2026-05_to_2026-06,8,weth_usdc_3000,-5.534603781093497,platt,sign_platt,3600,0.19701753502930985,347,2202,1780272011
92851,zero_gap,1763,1777593611,rolling_pool_held_out,2026-05_to_2026-06,8,weth_usdc_3000,-1.7425787715174086,platt,sign_platt,3600,2.1961100212056297,563,2202,1780272011
