abstention_count,abstention_positive_lp_loss_usd,abstention_potential_surcharge_usd,abstention_volume_usd,adaptive_calibration_error,benign_precision,benign_surcharge_usd,brier_score,classified_coverage,closes_gap_brier_score,closes_gap_count,closes_gap_mean_probability,closes_gap_observed_toxic_rate,confirmed_test_count,current_rule_benign_surcharge_usd,evaluation_scheme,expected_calibration_error,false_negative,false_positive,fold,log_loss,maximum_calibration_error,mean_toxicity_probability,method,notional_usd_accounting_rate,observed_toxic_rate,primary_lp_loss_usd_conversion_rate,taxed_dollar_resolution_rate,test_count,toxic_lp_loss_available_usd,toxic_lp_loss_left_untaxed_rate,toxic_lp_loss_left_untaxed_usd,toxic_precision,toxic_precision_confidence_lower,toxic_precision_confidence_upper,toxic_recall,toxic_surcharge_available_usd,toxic_surcharge_capture_rate,toxic_surcharge_captured_usd,true_negative,true_positive,unresolved_surcharge_usd,unresolved_taxed_count,widens_gap_brier_score,widens_gap_count,widens_gap_mean_probability,widens_gap_observed_toxic_rate,worst_case_benign_surcharge_usd
14040,250959.27947455744,1012661.9105093487,128827714.41232914,0.11577763608748841,,0.0,0.17112541028175607,0.0,0.1530874817159663,2293,0.7495076560216378,0.8303532490187527,5398,2642.1198965580147,rolling_chronological,0.11682060380497065,0,0,2026-01_to_2026-02,0.5310239307654196,0.4172456116593193,0.5201330481674422,global_offset,1.0,0.48610596517228605,1.0,,14088,207807.1607673362,1.0,207807.1607673362,,0.0,1.0,0.0,933054.95973141,0.0,0.0,0,0,0.0,0,0.18766318325310988,2501,0.30983477715198016,0.1955217912834866,0.0
14088,250959.27947455744,1012661.9106062514,128827714.41943014,0.11422742008090692,,0.0,0.16793399946168594,0.0,0.15011918253542986,2293,0.7948559959319562,0.8303532490187527,5398,2642.1198965580147,rolling_chronological,0.12486045823590967,0,0,2026-01_to_2026-02,0.5338272128284911,0.3213669469333014,0.5196958783438409,global_platt,1.0,0.48610596517228605,1.0,,14088,207807.1607673362,1.0,207807.1607673362,,0.0,1.0,0.0,933054.95973141,0.0,0.0,0,0,0.0,0,0.18426721625972883,2501,0.2674199288718103,0.1955217912834866,0.0
14040,250471.93907013943,1012561.7914434177,128564910.07659245,0.1401284630292216,,0.0020754938988109197,0.18958229548128294,0.006483882919599852,0.1418307852574357,2293,0.8267128535756255,0.8303532490187527,5398,2642.1198965580147,rolling_chronological,0.1423471650932688,0,4,2026-01_to_2026-02,0.5692761135653508,0.45142849787105144,0.6192777781518888,identity,1.0,0.48610596517228605,1.0,0.6538198931887979,14088,207807.1607673362,0.9976548430640287,207319.8203629182,0.8857142857142857,0.7404853135378618,0.9546482066690264,0.011814024390243903,933054.95973141,7.015430781817947e-05,65.45782485627639,0,31,34.65926248366797,13,0.23336246858935236,2501,0.42909440032436863,0.1955217912834866,34.66133797756678
13845,248687.53380707663,1009190.3223439619,125058508.46532744,0.08159101779066333,,20.245058930263546,0.15466082910791942,0.025935531678399407,0.14092110499370944,2293,0.8804762629450883,0.8303532490187527,5398,2642.1198965580147,rolling_chronological,0.07818381727732283,0,19,2026-01_to_2026-02,0.509633388731635,0.11600906121162247,0.5100660779443303,sign_offset,1.0,0.48610596517228605,1.0,0.5208179651485466,14088,207807.1607673362,0.9890690748780935,205535.63625319247,0.8642857142857143,0.7977487912094622,0.9113652628071084,0.04611280487804878,933054.95973141,0.0019160933732295066,1787.8204252002788,0,121,1663.5226812562832,55,0.1672578652510156,2501,0.17046169801360747,0.1955217912834866,1683.7677401865467
14088,250959.27947455744,1012661.9106062514,128827714.41943014,0.07203267062754666,,0.0,0.1501067900569376,0.0,0.13842810742646552,2293,0.8761769453312291,0.8303532490187527,5398,2642.1198965580147,rolling_chronological,0.05287476555650603,0,0,2026-01_to_2026-02,0.4842390307634032,0.0987383286737894,0.5520403892527931,sign_platt,1.0,0.48610596517228605,1.0,,14088,207807.1607673362,1.0,207807.1607673362,,0.0,1.0,0.0,933054.95973141,0.0,0.0,0,0,0.0,0,0.16081419480370787,2501,0.2548612116886771,0.1955217912834866,0.0
1627,2806.6628836418013,14862.387083864509,21124021.21205298,0.2582149034210557,,0.0,0.0844350023410207,0.0,0.017400113020665346,44,0.8738811254724286,1.0,173,0.0,rolling_pool_held_out,0.26648893753923664,0,0,2026-01_to_2026-02:eurc_usdc_500,0.3223924493630419,0.40153920084647454,0.5084120187272786,global_offset,1.0,0.34104046242774566,1.0,,1627,2806.6628836418013,1.0,2806.6628836418013,,0.0,1.0,0.0,5027.145220395233,0.0,0.0,0,0,0.0,0,0.11649516679858196,92,0.33362244593611995,0.0,0.0
1627,2806.6628836418013,14862.387083864509,21124021.21205298,0.2193901485618722,,0.0,0.06601082512383438,0.0,0.0074845674135319154,44,0.9199427570148733,1.0,173,0.0,rolling_pool_held_out,0.22540717756605463,0,0,2026-01_to_2026-02:eurc_usdc_500,0.26829669033595716,0.3682778276994143,0.4971348438697961,global_platt,1.0,0.34104046242774566,1.0,,1627,2806.6628836418013,1.0,2806.6628836418013,,0.0,1.0,0.0,5027.145220395233,0.0,0.0,0,0,0.0,0,0.09400164402876164,92,0.29492236366997665,0.0,0.0
1623,2806.6628836418013,14840.63471610465,21054452.432552855,0.3276154986771286,,0.0,0.1463988471457537,0.0,0.006953205614945265,44,0.920677907589802,1.0,173,0.0,rolling_pool_held_out,0.332968843368404,0,0,2026-01_to_2026-02:eurc_usdc_500,0.4439845641252215,0.5306269086456705,0.6051721953382758,identity,1.0,0.34104046242774566,1.0,0.0,1627,2806.6628836418013,1.0,2806.6628836418013,,0.0,1.0,0.0,5027.145220395233,0.0,0.0,0,0,21.752367759858718,4,0.21309024092135775,92,0.45427815904406765,0.0,21.752367759858718
1614,2236.5144651084893,13345.605395632183,19564563.419943634,0.13852640498693583,,0.0,0.025895907489864547,0.03468208092485549,0.002685821406357492,44,0.9508754795009402,1.0,173,0.0,rolling_pool_held_out,0.1419056123377251,0,0,2026-01_to_2026-02:eurc_usdc_500,0.1569532006084539,0.22823355811616897,0.4336485696618628,sign_offset,1.0,0.34104046242774566,1.0,0.7990877405265526,1627,2806.6628836418013,0.7968589594937342,2236.5144651084893,1.0,0.6096657120978346,1.0,0.1016949152542373,5027.145220395233,0.24109939120205645,1212.0416521216187,0,6,304.74003611070657,7,0.036996383442846184,92,0.18627917799969543,0.0,304.74003611070657
1627,2806.6628836418013,14862.387083864509,21124021.21205298,0.19456971277647941,,0.0,0.04727098169659321,0.0,0.005464351483766299,44,0.9277701538524767,1.0,173,0.0,rolling_pool_held_out,0.19881508416059393,0,0,2026-01_to_2026-02:eurc_usdc_500,0.22740213967408923,0.25935585016684515,0.475607536653373,sign_platt,1.0,0.34104046242774566,1.0,,1627,2806.6628836418013,1.0,2806.6628836418013,,0.0,1.0,0.0,5027.145220395233,0.0,0.0,0,0,0.0,0,0.06726545701577129,92,0.25935585016684515,0.0,0.0
9292,51849.59938703284,45903.70433553448,4188171.366144257,0.26172830940871855,,0.0,0.19464328450841772,0.0,0.1283480356239612,1385,0.838795650488145,0.8534296028880867,3504,52.82688264534558,rolling_pool_held_out,0.2581586232030567,0,0,2026-01_to_2026-02:paxg_usdc_500,0.5740909925494276,0.631765011824495,0.6503600660526142,global_offset,1.0,0.4061073059360731,1.0,,9292,43421.40396926635,1.0,43421.40396926635,,0.0,1.0,0.0,1805.734944888672,0.0,0.0,0,0,0.0,0,0.2517091140329499,1609,0.48815790045708274,0.03915475450590429,0.0
9292,51849.59938703284,45903.70433553448,4188171.366144257,0.27520974164868434,,0.0,0.20391575694019914,0.0,0.1306489680061869,1385,0.79907339361771,0.8534296028880867,3504,52.82688264534558,rolling_pool_held_out,0.28096560946279525,0,0,2026-01_to_2026-02:paxg_usdc_500,0.592459138271132,0.5962307782391154,0.6434613191513094,global_platt,1.0,0.4061073059360731,1.0,,9292,43421.40396926635,1.0,43421.40396926635,,0.0,1.0,0.0,1805.734944888672,0.0,0.0,0,0,0.0,0,0.2669825702861326,1609,0.5095130760587273,0.03915475450590429,0.0
9285,51814.3799211994,45903.68782415528,4188132.265302666,0.2407503064759653,,0.0,0.17775162556929555,0.001997716894977169,0.13016595596943428,1385,0.8169299225250556,0.8534296028880867,3504,52.82688264534558,rolling_pool_held_out,0.24223762447078515,0,0,2026-01_to_2026-02:paxg_usdc_500,0.5390382752034822,0.5771515464771831,0.6197760040414857,identity,1.0,0.4061073059360731,1.0,1.0,9292,43421.40396926635,0.9991888915923038,43386.18450343291,1.0,0.6456695649333126,1.0,0.004919184820801124,1805.734944888672,9.143855389836049e-06,0.016511379208435584,0,7,0.0,0,0.2187125655293999,1609,0.4500692438800536,0.03915475450590429,0.0
9292,51849.59938703284,45903.70433553448,4188171.366144257,0.27031984480392657,,0.0,0.2034712733060751,0.0,0.12944492477680836,1385,0.8243083621027523,0.8534296028880867,3504,52.82688264534558,rolling_pool_held_out,0.2723796005320163,0,0,2026-01_to_2026-02:paxg_usdc_500,0.5925357222114637,0.6257695365492925,0.6527368029646531,sign_offset,1.0,0.4061073059360731,1.0,,9292,43421.40396926635,1.0,43421.40396926635,,0.0,1.0,0.0,1805.734944888672,0.0,0.0,0,0,0.0,0,0.2671919027113171,1609,0.5050509052603229,0.03915475450590429,0.0
9292,51849.59938703284,45903.70433553448,4188171.366144257,0.2429955724281612,,0.0,0.17446694202031532,0.0,0.12827486964694307,1385,0.8165040017491582,0.8534296028880867,3504,52.82688264534558,rolling_pool_held_out,0.24520794023115194,0,0,2026-01_to_2026-02:paxg_usdc_500,0.5317889447738587,0.5048037918956697,0.6225320447818119,sign_platt,1.0,0.4061073059360731,1.0,,9292,43421.40396926635,1.0,43421.40396926635,,0.0,1.0,0.0,1805.734944888672,0.0,0.0,0,0,0.0,0,0.21422829704649346,1609,0.4555642633027725,0.03915475450590429,0.0
3169,196303.0172038828,951895.8191868525,103515521.8412329,0.22600044500325794,,0.0,0.27163004557700243,0.0,0.1766485263198888,864,0.7231731331373525,0.7847222222222222,1721,2589.2930139126693,rolling_pool_held_out,0.23200734017057023,0,0,2026-01_to_2026-02:weth_usdc_3000,0.8013668378819697,0.39282074091730274,0.45870922397177993,global_offset,1.0,0.663567693201627,1.0,,3169,161579.09391442806,1.0,161579.09391442806,,0.0,1.0,0.0,926222.0795661261,0.0,0.0,0,0,0.0,0,0.37421008637468517,800,0.17308820207296158,0.5325,0.0
1839,152722.64560832523,941035.0069539137,87618520.00668924,0.3084090198881314,0.51440329218107,151.0083772975168,0.3274637766627224,0.4543869843114468,0.19104211543514774,864,0.8560185077360175,0.7847222222222222,1721,2589.2930139126693,rolling_pool_held_out,0.3154839103331149,236,56,2026-01_to_2026-02:weth_usdc_3000,1.4632689663211111,0.612483343604631,0.4720866417438337,global_platt,1.0,0.663567693201627,1.0,0.5364634766028827,3169,161579.09391442806,0.9385421124340331,151648.78412762433,0.8108108108108109,0.7623190674277887,0.8513385659218158,0.21015761821366025,926222.0795661261,0.0029518276512486594,2734.047945660327,250,240,2492.861184543805,148,0.47479917078850314,800,0.05744022647227518,0.5325,2643.8695618413217
3022,194815.95651918268,949941.4672614189,101306291.18315822,0.15425574382402693,,20.245058930263546,0.22841936736556062,0.06159209761766415,0.1701601891044258,864,0.8286091682970423,0.7847222222222222,1721,2589.2930139126693,rolling_pool_held_out,0.1542557438240269,0,19,2026-01_to_2026-02:weth_usdc_3000,0.6732052760583975,0.3182396547491423,0.5865147394917336,identity,1.0,0.663567693201627,1.0,0.30479294879372354,3169,161579.09391442806,0.9907980698780842,160092.254383065,0.8207547169811321,0.7369360546798733,0.8821380247258237,0.07618213660245184,926222.0795661261,0.0006212631291114127,575.4276274033314,0,87,1358.6792390999944,41,0.29133927988758623,800,0.32505275638200004,0.5325,1378.924298030258
1713,144656.96288909632,939332.6457625158,85887657.94199932,0.3081790259055649,0.5163043478260869,151.0083772975168,0.3317179823272368,0.4927367809413132,0.17320509973291282,864,0.8965226865536864,0.7847222222222222,1721,2589.2930139126693,rolling_pool_held_out,0.311537715856859,267,56,2026-01_to_2026-02:weth_usdc_3000,1.2979081641409111,0.5059603047653057,0.4782616330349402,sign_offset,1.0,0.663567693201627,1.0,0.5364634766028827,3169,161579.09391442806,0.9385421124340331,151648.78412762433,0.8108108108108109,0.7623190674277887,0.8513385659218158,0.21015761821366025,926222.0795661261,0.0029518276512486594,2734.047945660327,285,240,2492.861184543805,148,0.5029118955291069,800,0.026539695234694283,0.5325,2643.8695618413217
3169,196303.0172038828,951895.8191868525,103515521.8412329,0.2536198601903419,,0.0,0.2867177599672011,0.0,0.17297330859639504,864,0.9131867419148415,0.7847222222222222,1721,2589.2930139126693,rolling_pool_held_out,0.25938147795471694,0,0,2026-01_to_2026-02:weth_usdc_3000,0.8542927469180515,0.4007717928777823,0.5374855232645417,sign_platt,1.0,0.663567693201627,1.0,,3169,161579.09391442806,1.0,161579.09391442806,,0.0,1.0,0.0,926222.0795661261,0.0,0.0,0,0,0.0,0,0.4095617674476717,800,0.13172820712221767,0.5325,0.0
8947,129029.35987580189,56820.02236626821,46782727.97003476,0.0682950059421756,1.0,0.0,0.15594676376700214,0.008957897879964169,0.13304938298083094,1643,0.75513204042827,0.8113207547169812,3349,1235.7113658351784,rolling_chronological,0.09637577164948273,0,0,2026-02_to_2026-03,0.4914421724838404,0.5103676656382871,0.5064604687717242,global_offset,1.0,0.5332935204538668,1.0,,8977,120743.8505085201,1.0,120743.8505085201,,0.0,1.0,0.0,29690.76375310091,0.0,0.0,30,0,0.0,0,0.1812803641923754,1485,0.23133091171333733,0.2430976430976431,0.0
8977,129029.35987580189,56820.02242781857,46782727.97436183,0.06846396809836519,,0.0,0.1559716388004755,0.0,0.13253488401878932,1643,0.7623240046643742,0.8113207547169812,3349,1235.7113658351784,rolling_chronological,0.09909782981797274,0,0,2026-02_to_2026-03,0.4929277581910642,0.5114929311631228,0.5062862348984968,global_platt,1.0,0.5332935204538668,1.0,,8977,120743.8505085201,1.0,120743.8505085201,,0.0,1.0,0.0,29690.76375310091,0.0,0.0,0,0,0.0,0,0.18190200116162725,1485,0.22300673609355626,0.2430976430976431,0.0
8898,128133.0963822414,56580.76987504698,46190177.32222941,0.0682678412281736,,0.897573386436736,0.15454426489539785,0.012839653627948642,0.1251172501836997,1643,0.8086361395073018,0.8113207547169812,3349,1235.7113658351784,rolling_chronological,0.09228452101878629,0,11,2026-02_to_2026-03,0.4907140389366201,0.6195652173913044,0.5735817009828291,identity,1.0,0.5332935204538668,1.0,0.5085682752783568,8977,120743.8505085201,0.9926864592420944,119860.78543655958,0.7441860465116279,0.5976159650115332,0.8507048287619176,0.01791713325867861,29690.76375310091,0.004067887432499662,120.77868473255567,0,32,117.57629465259922,36,0.18710223470773457,1485,0.31351810334262126,0.2430976430976431,118.47386803903595
8977,129029.35987580189,56820.02242781857,46782727.97436183,0.08148250086238101,,0.0,0.15346156523395754,0.0,0.12583442009548731,1643,0.8014092246220353,0.8113207547169812,3349,1235.7113658351784,rolling_chronological,0.08626936356075421,0,0,2026-02_to_2026-03,0.4898365218742972,0.43768832489358034,0.5091787741311424,sign_offset,1.0,0.5332935204538668,1.0,,8977,120743.8505085201,1.0,120743.8505085201,,0.0,1.0,0.0,29690.76375310091,0.0,0.0,0,0,0.0,0,0.18402816419860843,1485,0.18585579086074702,0.2430976430976431,0.0
8977,129029.35987580189,56820.02242781857,46782727.97436183,0.0719184418152949,,0.0,0.15610598760294422,0.0,0.13243260520243652,1643,0.8222620111753932,0.8113207547169812,3349,1235.7113658351784,rolling_chronological,0.0690264009331282,0,0,2026-02_to_2026-03,0.48614861041271507,0.3511310692764099,0.5213293740371308,sign_platt,1.0,0.5332935204538668,1.0,,8977,120743.8505085201,1.0,120743.8505085201,,0.0,1.0,0.0,29690.76375310091,0.0,0.0,0,0,0.0,0,0.18229815412417935,1485,0.18837831490031912,0.2430976430976431,0.0
1651,647.6351963368451,5193.4796985706935,16692055.681010993,0.18839315189881506,,0.0,0.04667462593623205,0.0,0.028205340332753726,31,0.3140806705057664,0.1935483870967742,136,84.05225952310973,rolling_pool_held_out,0.2064020961993744,0,0,2026-02_to_2026-03:eurc_usdc_500,0.23456184827225654,0.3489669926051677,0.265316228821892,global_offset,1.0,0.15441176470588236,1.0,,1651,312.1787141618256,1.0,312.1787141618256,,0.0,1.0,0.0,57.0298643795537,0.0,0.0,0,0,0.0,0,0.058856495164058165,47,0.23315244813678337,0.0,0.0
1651,647.6351963368451,5193.4796985706935,16692055.681010993,0.18434306347692267,,0.0,0.044772996614439085,0.0,0.026531648624188532,31,0.31087666294778926,0.1935483870967742,136,84.05225952310973,rolling_pool_held_out,0.20159665437503646,0,0,2026-02_to_2026-03:eurc_usdc_500,0.22853528488719582,0.3457909778762155,0.26126614039999957,global_platt,1.0,0.15441176470588236,1.0,,1651,312.1787141618256,1.0,312.1787141618256,,0.0,1.0,0.0,57.0298643795537,0.0,0.0,0,0,0.0,0,0.05680452401226393,47,0.22854430637911705,0.0,0.0
1645,647.6351963368451,5097.533750784513,16459829.210846283,0.262739796920031,,0.0,0.08376302434879469,0.0,0.05090551004414431,31,0.3779070483810904,0.1935483870967742,136,84.05225952310973,rolling_pool_held_out,0.2750464851433326,0,0,2026-02_to_2026-03:eurc_usdc_500,0.32948870664405033,0.44970230959801805,0.339662873843108,identity,1.0,0.15441176470588236,1.0,0.0,1651,312.1787141618256,1.0,312.1787141618256,,0.0,1.0,0.0,57.0298643795537,0.0,0.0,0,0,95.94594778618033,6,0.10543500186888324,47,0.3144379927648642,0.0,95.94594778618033
1651,647.6351963368451,5193.4796985706935,16692055.681010993,0.18267995914534335,,0.0,0.041839976411102694,0.0,0.0454939778252552,31,0.3651095480646444,0.1935483870967742,136,84.05225952310973,rolling_pool_held_out,0.19590979872035294,0,0,2026-02_to_2026-03:eurc_usdc_500,0.22066750955757597,0.3043579776602051,0.2596030360684202,sign_offset,1.0,0.15441176470588236,1.0,,1651,312.1787141618256,1.0,312.1787141618256,,0.0,1.0,0.0,57.0298643795537,0.0,0.0,0,0,0.0,0,0.03942989037198083,47,0.19001363453899586,0.0,0.0
1651,647.6351963368451,5193.4796985706935,16692055.681010993,0.30493702202469164,,0.0,0.1462278292430654,0.0,0.30711298668793974,31,0.6618033732902853,0.1935483870967742,136,84.05225952310973,rolling_pool_held_out,0.3259537536616334,0,0,2026-02_to_2026-03:eurc_usdc_500,0.44890244759103726,0.6145016377415405,0.3818600989477686,sign_platt,1.0,0.15441176470588236,1.0,,1651,312.1787141618256,1.0,312.1787141618256,,0.0,1.0,0.0,57.0298643795537,0.0,0.0,0,0,0.0,0,0.04011208709857384,47,0.1972166626793002,0.0,0.0
5287,20638.888807110638,16823.771210970266,2591858.3893366577,0.21858684983929486,,1.5744204085451234,0.16272783891374257,0.028182245185533115,0.1282772997448259,994,0.8205810232602926,0.8058350100603622,2129,10.89844698473975,rolling_pool_held_out,0.24455018746565382,0,20,2026-02_to_2026-03:paxg_usdc_500,0.518499375567294,0.6531690341392936,0.6141422922266048,global_offset,1.0,0.4349459840300611,1.0,0.5683698720308796,5393,19632.89981191097,0.9967810730211908,19569.702941034153,0.6666666666666666,0.5405686645211968,0.7727073847647731,0.04319654427645788,5066.203541586983,7.710285135938666e-06,0.03906187386233795,0,40,1.2253069669984267,46,0.19792191489925454,973,0.40324804901233385,0.04933196300102775,2.79972737554355
5393,20929.721449638477,16826.610000219673,2595516.339818913,0.25402545611531435,,0.0,0.18868011337443352,0.0,0.1389649808226927,994,0.7502521726901596,0.8058350100603622,2129,10.89844698473975,rolling_pool_held_out,0.27064901886376425,0,0,2026-02_to_2026-03:paxg_usdc_500,0.5627632341504856,0.4969511992398931,0.6134320989145987,global_platt,1.0,0.4349459840300611,1.0,,5393,19632.89981191097,1.0,19632.89981191097,,0.0,1.0,0.0,5066.203541586983,0.0,0.0,0,0,0.0,0,0.23946823439851403,973,0.47365907390647166,0.04933196300102775,0.0
5360,20914.41481708415,16826.544483737773,2595351.744885045,0.20661160832170883,,0.004291798470655265,0.15445839324088806,0.006575857209957727,0.12949066000545298,994,0.8073939621538981,0.8058350100603622,2129,10.89844698473975,rolling_pool_held_out,0.23427098986416328,0,7,2026-02_to_2026-03:paxg_usdc_500,0.4990111930836946,0.6272744587364021,0.5956408208754866,identity,1.0,0.4349459840300611,1.0,0.09522517401909808,5393,19632.89981191097,0.9998926184631626,19630.791600956592,0.5,0.26799202452413634,0.7320079754758637,0.00755939524838013,5066.203541586983,3.8431537605322707e-07,0.0019470199192471922,0,7,0.05927766350858394,19,0.17996499841665622,973,0.37931746791480714,0.04933196300102775,0.06356946197923921
5393,20929.721449638477,16826.610000219673,2595516.339818913,0.23339649122146633,,0.0,0.19085561407977297,0.0,0.14071772616865535,994,0.7463697987300176,0.8058350100603622,2129,10.89844698473975,rolling_pool_held_out,0.1745237747291688,0,0,2026-02_to_2026-03:paxg_usdc_500,0.5711454373481863,0.48240857437109147,0.6032527431174436,sign_offset,1.0,0.4349459840300611,1.0,,5393,19632.89981191097,1.0,19632.89981191097,,0.0,1.0,0.0,5066.203541586983,0.0,0.0,0,0,0.0,0,0.24207561467961977,973,0.4570468301894901,0.04933196300102775,0.0
5393,20929.721449638477,16826.610000219673,2595516.339818913,0.24982718897343553,,0.0,0.1812670628214171,0.0,0.13847951721632404,994,0.7703196229787257,0.8058350100603622,2129,10.89844698473975,rolling_pool_held_out,0.2830967018012035,0,0,2026-02_to_2026-03:paxg_usdc_500,0.5472878756950974,0.5020603832491171,0.6179903439718334,sign_platt,1.0,0.4349459840300611,1.0,,5393,19632.89981191097,1.0,19632.89981191097,,0.0,1.0,0.0,5066.203541586983,0.0,0.0,0,0,0.0,0,0.22497808063381433,973,0.4623733826842167,0.04933196300102775,0.0
1933,107452.00322982656,34799.9327290282,27495155.95353192,0.30467264211732614,,0.0,0.2986544782526339,0.0,0.1509602662367674,618,0.725840047015255,0.8511326860841424,1084,1140.7606593273288,rolling_pool_held_out,0.3009790112736273,0,0,2026-02_to_2026-03:weth_usdc_3000,0.8795433398704928,0.554135553513956,0.47820183862238913,global_offset,1.0,0.7739852398523985,1.0,,1933,100798.77198244732,1.0,100798.77198244732,,0.0,1.0,0.0,24567.530347134376,0.0,0.0,0,0,0.0,0,0.4949448503511404,465,0.14908267133896752,0.6731182795698925,0.0
1794,103148.46128612406,33390.25430614789,25593574.428355727,0.3323998309217106,0.5,1.0104387045597674,0.34590705174514774,0.07103321033210332,0.15586095515075207,618,0.7983933677689901,0.8511326860841424,1084,1140.7606593273288,rolling_pool_held_out,0.34145003089443393,12,3,2026-02_to_2026-03:weth_usdc_3000,1.2823875666228117,0.615261659584904,0.48064756562305505,global_platt,1.0,0.7739852398523985,1.0,0.5643748658527795,1933,100798.77198244732,0.9877033835316231,99559.28814289579,0.9433962264150944,0.8462979168981911,0.9805633385150642,0.05959475566150179,24567.530347134376,0.025370598754566286,623.2929548277768,12,50,481.88228429547394,42,0.5984844446383446,465,0.05835314470652196,0.6731182795698925,482.8927230000337
1798,105331.56209842517,33550.50596269688,25826405.616768975,0.22688164804083708,,1.903720292525848,0.2427958420335196,0.07564575645756458,0.13352951000541205,618,0.8074000403462279,0.8511326860841424,1084,1140.7606593273288,rolling_pool_held_out,0.2295471793928945,0,7,2026-02_to_2026-03:weth_usdc_3000,0.6881371906148631,0.43283078181433887,0.5755633886210089,identity,1.0,0.7739852398523985,1.0,0.5970525307564298,1933,100798.77198244732,0.9789636256587836,98678.33128188964,0.9146341463414634,0.8341245443721832,0.9580334750067581,0.08939213349225268,24567.530347134376,0.030286711037977962,744.0696925404133,0,75,503.4533534983842,53,0.38801432201926245,465,0.26744499987652415,0.6731182795698925,505.3570737909101
1632,93951.88786485358,31776.13872101629,23968501.201892726,0.32304105402201017,0.4175824175824176,1.903720292525848,0.3440227815328469,0.1595940959409594,0.1314026574637838,618,0.8188314501840632,0.8511326860841424,1084,1140.7606593273288,rolling_pool_held_out,0.32821767723743117,53,7,2026-02_to_2026-03:weth_usdc_3000,1.2520870293131303,0.6382372701775068,0.4822322304535645,sign_offset,1.0,0.7739852398523985,1.0,0.5970525307564298,1933,100798.77198244732,0.9789636256587836,98678.33128188964,0.9146341463414634,0.8341245443721832,0.9580334750067581,0.08939213349225268,24567.530347134376,0.030286711037977962,744.0696925404133,38,75,503.4533534983842,53,0.6266017851343113,465,0.03488100939238565,0.6731182795698925,505.3570737909101
1933,107452.00322982656,34799.9327290282,27495155.95353192,0.27186774677282144,,0.0,0.3270727466673195,0.0,0.11611436200571812,618,0.8567755024236268,0.8511326860841424,1084,1140.7606593273288,rolling_pool_held_out,0.29075457517407366,0,0,2026-02_to_2026-03:weth_usdc_3000,1.0892633797085551,0.6923144381701423,0.5106736116966684,sign_platt,1.0,0.7739852398523985,1.0,,1933,100798.77198244732,1.0,100798.77198244732,,0.0,1.0,0.0,24567.530347134376,0.0,0.0,0,0,0.0,0,0.6074432449917704,465,0.05069303434342026,0.6731182795698925,0.0
4285,47343.749603603464,35130.06480486584,36237232.610745884,0.10287491339092614,,0.0,0.1347217592184812,0.0,0.08054374833194597,884,0.8062263778197855,0.8744343891402715,1873,796.4051183568941,rolling_chronological,0.11111944283012305,0,0,2026-03_to_2026-04,0.43228965854518064,0.46782661390648006,0.563865678743846,global_offset,1.0,0.5162840363053924,1.0,,4285,39053.740111059175,1.0,39053.740111059175,,0.0,1.0,0.0,18194.12022249876,0.0,0.0,0,0,0.0,0,0.18649836637923486,925,0.33224745389721844,0.17405405405405405,0.0
4285,47343.749603603464,35130.06480486584,36237232.610745884,0.10888679685448184,,0.0,0.13634361500602854,0.0,0.08199566691175177,884,0.7964062870163321,0.8744343891402715,1873,796.4051183568941,rolling_chronological,0.1310672299443084,0,0,2026-03_to_2026-04,0.4369273917964354,0.46074109791908036,0.5637570167381832,global_platt,1.0,0.5162840363053924,1.0,,4285,39053.740111059175,1.0,39053.740111059175,,0.0,1.0,0.0,18194.12022249876,0.0,0.0,0,0,0.0,0,0.18828262702261303,925,0.3414197681696605,0.17405405405405405,0.0
4233,44970.19561373967,34873.86272097329,35548848.226105705,0.11391790065914384,,0.002429724328249255,0.13937908651148487,0.02189001601708489,0.07795354559633277,884,0.8211782721196642,0.8744343891402715,1873,796.4051183568941,rolling_chronological,0.12928340597717414,0,2,2026-03_to_2026-04,0.4404941968405032,0.562857142857143,0.5866440056843766,identity,1.0,0.5162840363053924,1.0,0.7816107836443714,4285,39053.740111059175,0.939223388512496,36680.18612119538,0.9512195121951219,0.8386102112962914,0.9865190546348308,0.04033092037228542,18194.12022249876,0.011006186580575894,200.24788183825035,0,39,55.95177232997344,11,0.19808198182931674,925,0.36250531213973425,0.17405405405405405,55.95420205430169
4285,47343.749603603464,35130.06480486584,36237232.610745884,0.09620033669675856,,0.0,0.12955992289770532,0.0,0.07778497738522859,884,0.8222666300348777,0.8744343891402715,1873,796.4051183568941,rolling_chronological,0.10444667795199815,0,0,2026-03_to_2026-04,0.4199026254210467,0.5047423805347773,0.5603215002482627,sign_offset,1.0,0.5162840363053924,1.0,,4285,39053.740111059175,1.0,39053.740111059175,,0.0,1.0,0.0,18194.12022249876,0.0,0.0,0,0,0.0,0,0.17903997893341284,925,0.30998691134948686,0.17405405405405405,0.0
4285,47343.749603603464,35130.06480486584,36237232.610745884,0.10554007891089656,,0.0,0.12903974259687997,0.0,0.07960002737481572,884,0.8193141543578765,0.8744343891402715,1873,796.4051183568941,rolling_chronological,0.11985737141705154,0,0,2026-03_to_2026-04,0.4210427039262014,0.48087118012733204,0.5569968456672292,sign_platt,1.0,0.5162840363053924,1.0,,4285,39053.740111059175,1.0,39053.740111059175,,0.0,1.0,0.0,18194.12022249876,0.0,0.0,0,0,0.0,0,0.17628807584693923,925,0.30630657444287007,0.17405405405405405,0.0
781,293.65845003635235,3912.3630651992553,8623160.734689858,0.2135348176987446,,0.0,0.0572808827054998,0.0,0.022971263974250408,32,0.6588465484039401,0.625,69,7.14734316165627,rolling_pool_held_out,0.2135348176987446,0,0,2026-03_to_2026-04:eurc_usdc_500,0.24984902659764097,0.35868963317006003,0.4761788863202908,global_offset,1.0,0.2898550724637681,1.0,,781,241.59957619059278,1.0,241.59957619059278,,0.0,1.0,0.0,272.42879756260464,0.0,0.0,0,0,0.0,0,0.0915905014367492,32,0.2935112242366416,0.0,0.0
781,293.65845003635235,3912.3630651992553,8623160.734689858,0.22943261360353515,,0.0,0.06403953013660776,0.0,0.02793618335237471,32,0.6560987182004917,0.625,69,7.14734316165627,rolling_pool_held_out,0.22943261360353515,0,0,2026-03_to_2026-04:eurc_usdc_500,0.2703796524847587,0.3705283200248154,0.4823198212442319,global_platt,1.0,0.2898550724637681,1.0,,781,241.59957619059278,1.0,241.59957619059278,,0.0,1.0,0.0,272.42879756260464,0.0,0.0,0,0,0.0,0,0.10014287692084081,32,0.30854092428797214,0.0,0.0
781,293.65845003635235,3912.3630651992553,8623160.734689858,0.22542089604950022,,0.0,0.0653177641297166,0.0,0.02551770641087269,32,0.6703330425460635,0.625,69,7.14734316165627,rolling_pool_held_out,0.2254208960495002,0,0,2026-03_to_2026-04:eurc_usdc_500,0.26771855195273936,0.3783328371893297,0.49262656542907246,identity,1.0,0.2898550724637681,1.0,,781,241.59957619059278,1.0,241.59957619059278,,0.0,1.0,0.0,272.42879756260464,0.0,0.0,0,0,0.0,0,0.10511782184856051,32,0.31492008831208135,0.0,0.0
781,293.65845003635235,3912.3630651992553,8623160.734689858,0.20513348478707732,,0.0,0.053165792880896505,0.0,0.026835073682947404,32,0.6754448634577355,0.625,69,7.14734316165627,rolling_pool_held_out,0.20513348478707732,0,0,2026-03_to_2026-04:eurc_usdc_500,0.23836182580097293,0.33352689912252564,0.47424448785468853,sign_offset,1.0,0.2898550724637681,1.0,,781,241.59957619059278,1.0,241.59957619059278,,0.0,1.0,0.0,272.42879756260464,0.0,0.0,0,0,0.0,0,0.07949651207884562,32,0.27304411225164166,0.0,0.0
781,293.65845003635235,3912.3630651992553,8623160.734689858,0.2549836052988299,,0.0,0.0821886155889215,0.0,0.08557483546586159,32,0.7307528638501808,0.625,69,7.14734316165627,rolling_pool_held_out,0.25498360529882985,0,0,2026-03_to_2026-04:eurc_usdc_500,0.31079514868660535,0.5002148524211026,0.5017550285693134,sign_platt,1.0,0.2898550724637681,1.0,,781,241.59957619059278,1.0,241.59957619059278,,0.0,1.0,0.0,272.42879756260464,0.0,0.0,0,0,0.0,0,0.0788023957119814,32,0.2727571932884461,0.0,0.0
1574,44.782498417369965,2769.9278091407746,2566874.226804524,0.41686314523001905,,2.9524186599621014e-06,0.2906443834523954,0.05309734513274336,0.052376450704049934,318,0.90295955527759,0.9213836477987422,904,0.023844259230663075,rolling_pool_held_out,0.42198648912736925,0,1,2026-03_to_2026-04:paxg_usdc_500,0.7630792193874618,0.748297825889006,0.7372744741802216,global_offset,1.0,0.334070796460177,1.0,0.5570768551686621,1678,0.0001347307140938242,0.8435246022303167,0.00011364867201419957,0.9791666666666666,0.8910078200474814,0.9963128890224893,0.15562913907284767,0.00018843999963805488,0.07246072399196407,1.3654498802818906e-05,0,47,1.320390183207742e-05,56,0.42546502867298946,562,0.6435238411037746,0.005338078291814947,1.6156320492039523e-05
1678,44.78251949941205,2769.927838951594,2566874.2599823307,0.4307394369978951,,0.0,0.29414780646218597,0.0,0.0615558925259972,318,0.8480367919472208,0.9213836477987422,904,0.023844259230663075,rolling_pool_held_out,0.4425038020403767,0,0,2026-03_to_2026-04:paxg_usdc_500,0.7702517980128479,0.6477251156617869,0.7211783447672853,global_platt,1.0,0.334070796460177,1.0,,1678,0.0001347307140938242,1.0,0.0001347307140938242,,0.0,1.0,0.0,0.00018843999963805488,0.0,0.0,0,0,0.0,0,0.4257567542054387,562,0.6493972305266811,0.005338078291814947,0.0
1672,44.782519293968605,2769.927838801679,2566874.2596263154,0.30276608002070954,,0.0,0.16628074052880276,0.004424778761061947,0.06248195407697935,318,0.8265770206573253,0.9213836477987422,904,0.023844259230663075,rolling_pool_held_out,0.327430318250319,0,0,2026-03_to_2026-04:paxg_usdc_500,0.5013212410778405,0.8214572698052562,0.5916511454675477,identity,1.0,0.334070796460177,1.0,0.5165798338543311,1678,0.0001347307140938242,0.9984751551446319,0.00013452527065757817,1.0,0.5101091635454027,1.0,0.013245033112582781,0.00018843999963805488,0.00041096924684831817,7.744304472734877e-08,0,4,7.247191449497875e-08,2,0.22501386168837542,562,0.45872155772671275,0.005338078291814947,7.247191449497875e-08
1678,44.78251949941205,2769.927838951594,2566874.2599823307,0.43969825361463644,,0.0,0.33502249088613606,0.0,0.05675115040703011,318,0.8558535141158718,0.9213836477987422,904,0.023844259230663075,rolling_pool_held_out,0.42808762911318554,0,0,2026-03_to_2026-04:paxg_usdc_500,0.8743287442525911,0.7000710641550248,0.7531745066753215,sign_offset,1.0,0.334070796460177,1.0,,1678,0.0001347307140938242,1.0,0.0001347307140938242,,0.0,1.0,0.0,0.00018843999963805488,0.0,0.0,0,0,0.0,0,0.4924785162817868,562,0.6950749971271096,0.005338078291814947,0.0
1678,44.78251949941205,2769.927838951594,2566874.2599823307,0.43577196555816244,,0.0,0.30039714609801593,0.0,0.06177395078079121,318,0.8389061405179716,0.9213836477987422,904,0.023844259230663075,rolling_pool_held_out,0.4484298595855311,0,0,2026-03_to_2026-04:paxg_usdc_500,0.7840674503928426,0.6617990982834624,0.7232004509645582,sign_platt,1.0,0.334070796460177,1.0,,1678,0.0001347307140938242,1.0,0.0001347307140938242,,0.0,1.0,0.0,0.00018843999963805488,0.0,0.0,0,0,0.0,0,0.4354188117757339,562,0.6577299718222354,0.005338078291814947,0.0
1826,47005.3086340677,28447.77390071499,25047197.616073694,0.19758146608035645,,0.0,0.2077400832086906,0.0,0.11044056777814604,534,0.7489566913830076,0.8614232209737828,900,789.2339309360071,rolling_pool_held_out,0.19758146608035643,0,0,2026-03_to_2026-04:weth_usdc_3000,0.6358000604075341,0.34859081865256525,0.5168694009716667,global_offset,1.0,0.7166666666666667,1.0,,1826,38812.14040013786,1.0,38812.14040013786,,0.0,1.0,0.0,17921.691236496157,0.0,0.0,0,0,0.0,0,0.36471271535343625,331,0.14244458804219207,0.4773413897280967,0.0
1826,47005.3086340677,28447.77390071499,25047197.616073694,0.20535218361818436,,0.0,0.2187690332296777,0.0,0.10862829097663786,534,0.782953321050165,0.8614232209737828,900,789.2339309360071,rolling_pool_held_out,0.20093928584401385,0,0,2026-03_to_2026-04:weth_usdc_3000,0.7087067264562433,0.39052107514077117,0.5207181930297103,global_platt,1.0,0.7166666666666667,1.0,,1826,38812.14040013786,1.0,38812.14040013786,,0.0,1.0,0.0,17921.691236496157,0.0,0.0,0,0,0.0,0,0.3964583273780864,331,0.09765608317193766,0.4773413897280967,0.0
1709,42530.175031123115,27120.953664030887,23134628.88416548,0.13755347226930215,,0.1906158617578673,0.17953794835959866,0.1,0.09586818574366883,534,0.8139865624144772,0.8614232209737828,900,789.2339309360071,rolling_pool_held_out,0.13103170060333771,0,4,2026-03_to_2026-04:weth_usdc_3000,0.5347407585794302,0.2735398379956628,0.592299206967154,identity,1.0,0.7166666666666667,1.0,0.7991071588793586,1826,38812.14040013786,0.8846975828488788,34337.00679719328,0.9555555555555556,0.8912314496718777,0.9825827581472913,0.13333333333333333,17921.691236496157,0.05915071964077469,1060.080933818513,0,86,266.5486870038312,27,0.31452179499677857,331,0.23465253684972032,0.4773413897280967,266.7393028655891
1826,47005.3086340677,28447.77390071499,25047197.616073694,0.20865804247463987,,0.0,0.22451284898926413,0.0,0.09665589237609543,534,0.809608101022955,0.8614232209737828,900,789.2339309360071,rolling_pool_held_out,0.19467460119279487,0,0,2026-03_to_2026-04:weth_usdc_3000,0.7730561901863525,0.78867909046233,0.5197762658592282,sign_offset,1.0,0.7166666666666667,1.0,,1826,38812.14040013786,1.0,38812.14040013786,,0.0,1.0,0.0,17921.691236496157,0.0,0.0,0,0,0.0,0,0.43078358866126437,331,0.052192580126811085,0.4773413897280967,0.0
1826,47005.3086340677,28447.77390071499,25047197.616073694,0.19884220198357058,,0.0,0.22118017883941912,0.0,0.09154685005082956,534,0.8076876178077416,0.8614232209737828,900,789.2339309360071,rolling_pool_held_out,0.19574316507462824,0,0,2026-03_to_2026-04:weth_usdc_3000,0.758402016783994,0.4308492221918681,0.5187077019773949,sign_platt,1.0,0.7166666666666667,1.0,,1826,38812.14040013786,1.0,38812.14040013786,,0.0,1.0,0.0,17921.691236496157,0.0,0.0,0,0,0.0,0,0.4303167273986542,331,0.052498411785838514,0.4773413897280967,0.0
3053,19029.36087668462,15349.581447951263,18168009.730574396,0.096250756993273,,0.0,0.11502167463962398,0.0,0.07272080327985328,568,0.7636714619006616,0.8503521126760564,1252,63.85428052120115,rolling_chronological,0.1033214648288008,0,0,2026-04_to_2026-05,0.38698865153260215,0.40723640038810643,0.4929614255725511,global_offset,1.0,0.48482428115015974,1.0,,3053,17446.067815097813,1.0,17446.067815097813,,0.0,1.0,0.0,5991.806210306966,0.0,0.0,0,0,0.0,0,0.15227267453473986,645,0.2545687114107423,0.16434108527131783,0.0
3053,19029.36087668462,15349.581447951263,18168009.730574396,0.07176641684145964,,0.0,0.10965968970693991,0.0,0.06570892305653077,568,0.807228487579522,0.8503521126760564,1252,63.85428052120115,rolling_chronological,0.05921698875077804,0,0,2026-04_to_2026-05,0.37009324134224053,0.2577908518949448,0.4892664978235092,global_platt,1.0,0.48482428115015974,1.0,,3053,17446.067815097813,1.0,17446.067815097813,,0.0,1.0,0.0,5991.806210306966,0.0,0.0,0,0,0.0,0,0.14836362064869554,645,0.20926276110813666,0.16434108527131783,0.0
3053,19029.36087668462,15349.581447951263,18168009.730574396,0.11903455037985589,,0.0,0.12470799036259003,0.0,0.06624706359587222,568,0.8095863951659907,0.8503521126760564,1252,63.85428052120115,rolling_chronological,0.11683785215737251,0,0,2026-04_to_2026-05,0.40298586534838143,0.5080645161290323,0.5570558631505794,identity,1.0,0.48482428115015974,1.0,,3053,17446.067815097813,1.0,17446.067815097813,,0.0,1.0,0.0,5991.806210306966,0.0,0.0,0,0,0.0,0,0.17618986075560664,645,0.3346723868951475,0.16434108527131783,0.0
2943,16263.293262818677,13934.978987664772,16466082.659773812,0.0637151166373513,,0.005860040118344314,0.10616555549272991,0.04792332268370607,0.06693567626282186,568,0.86361831013388,0.8503521126760564,1252,63.85428052120115,rolling_chronological,0.05633613389605368,0,2,2026-04_to_2026-05,0.358402796841798,0.19255819891115766,0.4910476685863467,sign_offset,1.0,0.48482428115015974,1.0,0.5194688460002757,3053,17446.067815097813,0.8414509245246676,14680.009892334103,0.9666666666666667,0.886362257256914,0.9908106807438021,0.09555189456342669,5991.806210306966,0.12264015586652448,734.8360475540557,0,58,679.7605526923163,50,0.14071217782232337,645,0.16295445246386772,0.16434108527131783,679.7664127324347
3053,19029.36087668462,15349.581447951263,18168009.730574396,0.06286479124262903,,0.0,0.10574639224910533,0.0,0.06611181535752822,568,0.8631137015888485,0.8503521126760564,1252,63.85428052120115,rolling_chronological,0.0455427874381075,0,0,2026-04_to_2026-05,0.3593560941733774,0.3487675966871068,0.5221702215998739,sign_platt,1.0,0.48482428115015974,1.0,,3053,17446.067815097813,1.0,17446.067815097813,,0.0,1.0,0.0,5991.806210306966,0.0,0.0,0,0,0.0,0,0.1406493994962616,645,0.22192852139252894,0.16434108527131783,0.0
548,229.61566504336716,1962.3975814577473,4000212.0759475646,0.17691982502746817,,0.0,0.04161053669130046,0.0,0.02483585071057375,24,0.5403034722925156,0.5,74,22.453471189446578,rolling_pool_held_out,0.193620999375477,0,0,2026-04_to_2026-05:eurc_usdc_500,0.21844670074203684,0.30338037272388496,0.3327379908002818,global_offset,1.0,0.17567567567567569,1.0,,548,153.5537254473478,1.0,153.5537254473478,,0.0,1.0,0.0,0.27028265937120927,0.0,0.0,0,0,0.0,0,0.050973152122403734,43,0.2168874895022908,0.0,0.0
548,229.61566504336716,1962.3975814577473,4000212.0759475646,0.13234425598983168,,0.0,0.02429809836658927,0.0,0.011115145839646444,24,0.5392142585413592,0.5,74,22.453471189446578,rolling_pool_held_out,0.14102943266636703,0,0,2026-04_to_2026-05:eurc_usdc_500,0.15510815272853845,0.24745418625123086,0.29935910695897433,global_platt,1.0,0.17567567567567569,1.0,,548,153.5537254473478,1.0,153.5537254473478,,0.0,1.0,0.0,0.27028265937120927,0.0,0.0,0,0,0.0,0,0.031656025358371316,43,0.16548646421531765,0.0,0.0
548,229.61566504336716,1962.3975814577473,4000212.0759475646,0.23367663569237482,,0.0,0.07022526729804711,0.0,0.037004656643021126,24,0.5906197298742485,0.5,74,22.453471189446578,rolling_pool_held_out,0.2454205274064521,0,0,2026-04_to_2026-05:eurc_usdc_500,0.2902759457583605,0.368732400022827,0.3964092391104124,identity,1.0,0.17567567567567569,1.0,,548,153.5537254473478,1.0,153.5537254473478,,0.0,1.0,0.0,0.27028265937120927,0.0,0.0,0,0,0.0,0,0.08876700347759649,43,0.28801268612594577,0.0,0.0
543,229.61566504336716,1735.573207651514,3796308.011809281,0.160363011807174,,0.0,0.04237299761613481,0.0,0.081938064757723,24,0.6796433453553706,0.5,74,22.453471189446578,rolling_pool_held_out,0.16672745723952165,0,0,2026-04_to_2026-05:eurc_usdc_500,0.19442801197613588,0.41716909775490024,0.33059646501835166,sign_offset,1.0,0.17567567567567569,1.0,0.0,548,153.5537254473478,1.0,153.5537254473478,,0.0,1.0,0.0,0.27028265937120927,0.0,0.0,0,0,226.82437380623333,5,0.0202901694440856,43,0.13577960157443406,0.0,226.82437380623333
548,229.61566504336716,1962.3975814577473,4000212.0759475646,0.22845092719620502,,0.0,0.0679022095215939,0.0,0.08877802393225698,24,0.6868632725150424,0.5,74,22.453471189446578,rolling_pool_held_out,0.23512202264647164,0,0,2026-04_to_2026-05:eurc_usdc_500,0.27911364560211976,0.4268330601522671,0.3982554877042811,sign_platt,1.0,0.17567567567567569,1.0,,548,153.5537254473478,1.0,153.5537254473478,,0.0,1.0,0.0,0.27028265937120927,0.0,0.0,0,0,0.0,0,0.056250592176107526,43,0.2371720729261817,0.0,0.0
1229,73.68985011745548,4496.8826711849315,3796308.7647141106,0.34910209448013396,,0.005860040118344314,0.22338382960925268,0.011385199240986717,0.07925944359965421,192,0.8685732188437085,0.8802083333333334,527,20.175233897425603,rolling_pool_held_out,0.3724608084741702,0,2,2026-04_to_2026-05:paxg_usdc_500,0.6315271901329838,0.6813102533102703,0.6698380103135816,global_offset,1.0,0.3548387096774194,1.0,0.9991113751316737,1240,0.00029857814312310487,0.9927401849644494,0.00029641052103037297,0.6666666666666666,0.299993315138392,0.9032285888942195,0.0213903743315508,0.0005380211733410418,0.004379918211788214,2.3564887354440923e-06,0,4,5.2141047962305384e-06,5,0.3144097576153149,304,0.5443210365050802,0.003289473684210526,0.0058652542231405445
1240,73.68985314354771,4496.888538795643,3796323.136891642,0.35228261632622915,,0.0,0.22470368823258893,0.0,0.08127386571564432,192,0.8558319347140443,0.8802083333333334,527,20.175233897425603,rolling_pool_held_out,0.37694307126991267,0,0,2026-04_to_2026-05:paxg_usdc_500,0.6326656595925908,0.6452100884247342,0.6666969861189336,global_platt,1.0,0.3548387096774194,1.0,,1240,0.00029857814312310487,1.0,0.00029857814312310487,,0.0,1.0,0.0,0.0005380211733410418,0.0,0.0,0,0,0.0,0,0.3152909445590803,304,0.5472433343746532,0.003289473684210526,0.0
1240,73.68985314354771,4496.888538795643,3796323.136891642,0.29489835642821366,,0.0,0.16970706980740252,0.0,0.08427977416179196,192,0.8274409223521543,0.8802083333333334,527,20.175233897425603,rolling_pool_held_out,0.3280883938505103,0,0,2026-04_to_2026-05:paxg_usdc_500,0.5184568411300915,0.6339004003605897,0.5988325143120544,identity,1.0,0.3548387096774194,1.0,,1240,0.00029857814312310487,1.0,0.00029857814312310487,,0.0,1.0,0.0,0.0005380211733410418,0.0,0.0,0,0,0.0,0,0.22366115126778813,304,0.4544482566025177,0.003289473684210526,0.0
1229,73.68985011745548,4496.8826711849315,3796308.7647141106,0.3497679921086664,,0.005860040118344314,0.22412187843168832,0.011385199240986717,0.07931048677350669,192,0.8677664171534167,0.8802083333333334,527,20.175233897425603,rolling_pool_held_out,0.37320220673398846,0,2,2026-04_to_2026-05:paxg_usdc_500,0.633115510741857,0.6821589791209575,0.6701833841932746,sign_offset,1.0,0.3548387096774194,1.0,0.9991113751316737,1240,0.00029857814312310487,0.9927401849644494,0.00029641052103037297,0.6666666666666666,0.299993315138392,0.9032285888942195,0.0213903743315508,0.0005380211733410418,0.004379918211788214,2.3564887354440923e-06,0,4,5.2141047962305384e-06,5,0.31558170474211883,304,0.5453941002184479,0.003289473684210526,0.0058652542231405445
1240,73.68985314354771,4496.888538795643,3796323.136891642,0.30520988105542496,,0.0,0.168922136781113,0.0,0.08038604060348119,192,0.8647918656652799,0.8802083333333334,527,20.175233897425603,rolling_pool_held_out,0.3308802524978487,0,0,2026-04_to_2026-05:paxg_usdc_500,0.5182124229033805,0.5249035884593038,0.6234571108723146,sign_platt,1.0,0.3548387096774194,1.0,,1240,0.00029857814312310487,1.0,0.00029857814312310487,,0.0,1.0,0.0,0.0005380211733410418,0.0,0.0,0,0,0.0,0,0.224839671209091,304,0.4710351604767575,0.003289473684210526,0.0
1265,18726.055358497706,8890.295327697873,10371474.517735189,0.20434494020452154,,0.0,0.1820292687406426,0.0,0.0896163393946439,352,0.6876816650206964,0.8579545454545454,651,21.22557543432896,rolling_pool_held_out,0.2043449402045215,0,0,2026-04_to_2026-05:weth_usdc_3000,0.5957477090474872,0.3135452899673441,0.4218089059493247,global_offset,1.0,0.6251920122887865,1.0,,1265,17292.513791072324,1.0,17292.513791072324,,0.0,1.0,0.0,5991.535389626421,0.0,0.0,0,0,0.0,0,0.29118816514933904,298,0.10775786167710026,0.3523489932885906,0.0
548,5632.413220779376,4430.196607547846,4032797.5153304613,0.19400914851763118,0.6363636363636364,0.13410243976252323,0.195896044416881,0.7158218125960062,0.06949726283874184,352,0.8212665319497501,0.8579545454545454,651,21.22557543432896,rolling_pool_held_out,0.18550410897421518,92,7,2026-04_to_2026-05:weth_usdc_3000,1.0565047979600783,0.3313642767241175,0.44970620670633293,global_platt,1.0,0.6251920122887865,1.0,0.6853190885704918,1265,17292.513791072324,0.6644089109876827,11489.300256165849,0.9671361502347418,0.9337298994623284,0.9839912830194442,0.5061425061425061,5991.535389626421,0.3106070513355054,1861.0131403441912,161,206,854.5909787591287,120,0.34519930319374337,298,0.01081615809665909,0.3523489932885906,854.7250811988912
1202,17255.84989308768,7860.187568701097,9272223.628749842,0.09428254679885582,,0.0,0.1483572043827355,0.04915514592933948,0.0626538883378433,352,0.7946879797223282,0.8579545454545454,651,21.22557543432896,rolling_pool_held_out,0.10381743314927223,0,0,2026-04_to_2026-05:weth_usdc_3000,0.4531972954116974,0.2024720163132812,0.5396336419429242,identity,1.0,0.6251920122887865,1.0,0.6077115740232795,1265,17292.513791072324,0.914980794988564,15822.318015906061,1.0,0.8928208017449293,1.0,0.07862407862407862,5991.535389626421,0.10448213469912518,626.0084076335232,0,32,404.09935136325197,31,0.2495906515230109,298,0.2383614040289972,0.3523489932885906,404.09935136325197
699,6942.94930434128,5409.1685777042585,5800958.651903159,0.17841979023591334,0.6366782006920415,0.0,0.19232525318459437,0.5745007680491552,0.059153717947578975,352,0.8623699067202708,0.8579545454545454,651,21.22557543432896,rolling_pool_held_out,0.1738408362557353,105,0,2026-04_to_2026-05:weth_usdc_3000,1.0257289503110354,0.7649584203180602,0.46882751529745126,sign_offset,1.0,0.6251920122887865,1.0,0.6427258450881046,1265,17292.513791072324,0.7846125737901931,13567.923752915665,1.0,0.9567605161859486,1.0,0.20884520884520885,5991.535389626421,0.13949605353805314,835.7955414864674,184,85,464.59644970831147,52,0.3496285431289884,298,0.003972073079892642,0.3523489932885906,464.59644970831147
1012,13794.024390195062,6704.987564947282,7241674.582362836,0.17235109764855072,,0.11761169471813601,0.1880473971876051,0.24423963133640553,0.059910873404330676,352,0.8474970483295675,0.8579545454545454,651,21.22557543432896,rolling_pool_held_out,0.16680126060784697,0,4,2026-04_to_2026-05:weth_usdc_3000,0.7637133523883771,0.3353715596933953,0.4676062548454369,sign_platt,1.0,0.6251920122887865,1.0,0.6624464963243717,1265,17292.513791072324,0.7147886522554489,12360.49262682935,0.9748427672955975,0.9371079543519492,0.9901743304761865,0.3808353808353808,5991.535389626421,0.24159614606233956,1447.5318591298615,0,155,737.6582919260104,94,0.3394032910524125,298,0.018876190058812786,0.3523489932885906,737.7759036207285
4458,40970.87449411194,23124.953787257025,22994738.56774717,0.04483739177150167,,0.0,0.1481996040889316,0.0,0.09920795647801169,769,0.7767919116007844,0.8088426527958388,1748,187.622423152304,rolling_chronological,0.03714132236646801,0,0,2026-05_to_2026-06,0.464900026914778,0.3565926384527549,0.504759030895525,global_offset,1.0,0.5474828375286042,1.0,,4458,37052.244685976046,1.0,37052.244685976046,,0.0,1.0,0.0,10156.288221793713,0.0,0.0,0,0,0.0,0,0.19674931673428914,776,0.2351800550419883,0.2770618556701031,0.0
4371,39613.32709916108,22344.902056257295,22632600.284735724,0.07385165181856584,0.0,0.9368364811677778,0.15231834844228798,0.03032036613272311,0.09926545388197222,769,0.8373053516163648,0.8088426527958388,1748,187.622423152304,rolling_chronological,0.07738589118308438,1,2,2026-05_to_2026-06,0.4879290329102506,0.2617156209760483,0.5068982670165745,global_platt,1.0,0.5474828375286042,1.0,0.628202955904503,4458,37052.244685976046,0.9922369774479756,36764.607274875685,0.9615384615384616,0.8701881084254424,0.9893882889986847,0.0522466039707419,10156.288221793713,0.005289208083187242,53.71872175789069,0,50,32.34746797301016,33,0.20489267307744624,776,0.1794716586953906,0.2770618556701031,33.28430445417794
4458,40970.87449411194,23124.953787257025,22994738.56774717,0.038812810878617036,,0.0,0.14785218546273363,0.0,0.09780836696984696,769,0.8252912975872254,0.8088426527958388,1748,187.622423152304,rolling_chronological,0.044464309755179635,0,0,2026-05_to_2026-06,0.4634568481409322,0.22066730523627076,0.5728436582431975,identity,1.0,0.5474828375286042,1.0,,4458,37052.244685976046,1.0,37052.244685976046,,0.0,1.0,0.0,10156.288221793713,0.0,0.0,0,0,0.0,0,0.1974445777578752,776,0.3226732527592318,0.2770618556701031,0.0
4456,39900.964510261445,22431.905082469366,22874088.15089219,0.08070529050045724,0.0,0.0,0.1552173086978767,0.0005720823798627002,0.10060291022857076,769,0.8582294185881539,0.8088426527958388,1748,187.622423152304,rolling_chronological,0.08310423227443024,1,0,2026-05_to_2026-06,0.48993569500062073,0.14655486403331183,0.5071533911682309,sign_offset,1.0,0.5474828375286042,1.0,,4458,37052.244685976046,1.0,37052.244685976046,,0.0,1.0,0.0,10156.288221793713,0.0,0.0,0,0,0.0,0,0.20933905151088733,776,0.15924428667606497,0.2770618556701031,0.0
4458,40970.87449411194,23124.953787257025,22994738.56774717,0.08018617055987662,,0.0,0.15508750375289398,0.0,0.09925286234001353,769,0.8597474751566224,0.8088426527958388,1748,187.622423152304,rolling_chronological,0.08297629537874761,0,0,2026-05_to_2026-06,0.4962560802233851,0.11577052514772085,0.5085793617496852,sign_platt,1.0,0.5474828375286042,1.0,,4458,37052.244685976046,1.0,37052.244685976046,,0.0,1.0,0.0,10156.288221793713,0.0,0.0,0,0,0.0,0,0.21041848216333864,776,0.16057900194306848,0.2770618556701031,0.0
570,202.2018347684697,1598.3315007776698,4319742.522331871,0.19602744052376192,,0.0,0.048506123259325906,0.0,0.025747257621369205,14,0.624189857715397,0.6428571428571429,66,8.41616474058072,rolling_pool_held_out,0.2126569710513328,0,0,2026-05_to_2026-06:eurc_usdc_500,0.2417817725861418,0.30605014053325613,0.3408116017739762,global_offset,1.0,0.21212121212121213,1.0,,570,100.61646401898359,1.0,100.61646401898359,,0.0,1.0,0.0,115.16511193799187,0.0,0.0,0,0,0.0,0,0.05711758593314736,37,0.2335873968231683,0.0,0.0
570,202.2018347684697,1598.3315007776698,4319742.522331871,0.1410949737474789,,0.0,0.026335989990089934,0.0,0.008187879239430146,14,0.6509030173802964,0.6428571428571429,66,8.41616474058072,rolling_pool_held_out,0.14828118027613027,0,0,2026-05_to_2026-06:eurc_usdc_500,0.16355496476048378,0.24175448932116592,0.3041668021545642,global_platt,1.0,0.21212121212121213,1.0,,570,100.61646401898359,1.0,100.61646401898359,,0.0,1.0,0.0,115.16511193799187,0.0,0.0,0,0,0.0,0,0.0332028427065558,37,0.17296931531239526,0.0,0.0
570,202.2018347684697,1598.3315007776698,4319742.522331871,0.2593274474546437,,0.0,0.08296742439387439,0.0,0.03149916709618469,14,0.6771698005479861,0.6428571428571429,66,8.41616474058072,rolling_pool_held_out,0.2708710602015133,0,0,2026-05_to_2026-06:eurc_usdc_500,0.32462886730504814,0.40023584905660375,0.4138412898074739,identity,1.0,0.21212121212121213,1.0,,570,100.61646401898359,1.0,100.61646401898359,,0.0,1.0,0.0,115.16511193799187,0.0,0.0,0,0,0.0,0,0.10244190012813537,37,0.3142034749326856,0.0,0.0
570,202.2018347684697,1598.3315007776698,4319742.522331871,0.1538188886031736,,0.0,0.032890723009368794,0.0,0.04994589038159256,14,0.7322777226278145,0.6428571428571429,66,8.41616474058072,rolling_pool_held_out,0.16144898670068164,0,0,2026-05_to_2026-06:eurc_usdc_500,0.18144298572387652,0.4192565744012705,0.3157957599689037,sign_offset,1.0,0.21212121212121213,1.0,,570,100.61646401898359,1.0,100.61646401898359,,0.0,1.0,0.0,115.16511193799187,0.0,0.0,0,0,0.0,0,0.02643741643609494,37,0.15820799031418067,0.0,0.0
570,202.2018347684697,1598.3315007776698,4319742.522331871,0.14958491061654822,,0.0,0.02744042064536536,0.0,0.023813449458064052,14,0.7025478477223019,0.6428571428571429,66,8.41616474058072,rolling_pool_held_out,0.15516754158560617,0,0,2026-05_to_2026-06:eurc_usdc_500,0.17092770079489691,0.30840504857417,0.3155809801000392,sign_platt,1.0,0.21212121212121213,1.0,,570,100.61646401898359,1.0,100.61646401898359,,0.0,1.0,0.0,115.16511193799187,0.0,0.0,0,0,0.0,0,0.02881278812164153,37,0.16916108424296683,0.0,0.0
1686,745.1860789629205,5466.518333321267,3998881.633643822,0.26063967727840953,,0.0,0.1454935125618401,0.0,0.0899424302649407,171,0.7891752870542615,0.8011695906432749,474,0.9378425656215598,rolling_pool_held_out,0.2623229979763892,0,0,2026-05_to_2026-06:paxg_usdc_500,0.4598125895894874,0.5788886327991769,0.5844298075133466,global_offset,1.0,0.3881856540084388,1.0,,1686,228.89894726230457,1.0,228.89894726230457,,0.0,1.0,0.0,70.00339812825126,0.0,0.0,0,0,0.0,0,0.19072796528931532,210,0.4177084884586017,0.009523809523809525,0.0
1618,745.1744954103917,5465.58105573982,3995751.7949744016,0.25191826811960066,,0.9366631067718807,0.14423449140809314,0.046413502109704644,0.08490908921021104,171,0.8314828668090182,0.8011695906432749,474,0.9378425656215598,rolling_pool_held_out,0.23780874892192805,0,1,2026-05_to_2026-06:paxg_usdc_500,0.4566413456978631,0.6259061380275909,0.5994920231283882,global_platt,1.0,0.3881856540084388,1.0,0.9993646354344781,1686,228.89894726230457,0.9999999550839829,228.89893698107554,0.9545454545454546,0.7820195416134267,0.991930572378736,0.11413043478260869,70.00339812825126,2.708684572398876e-07,1.8961712452549058e-05,0,21,0.000595512963309946,46,0.19254231891208284,210,0.41058519327416093,0.009523809523809525,0.9372586197351906
1686,745.1860789629205,5466.518333321267,3998881.633643822,0.2725642826261667,,0.0,0.15603598029961366,0.0,0.08977923197389324,171,0.801000230743532,0.8011695906432749,474,0.9378425656215598,rolling_pool_held_out,0.26659612981476083,0,0,2026-05_to_2026-06:paxg_usdc_500,0.4820035035405534,0.6015421655387818,0.6019634253704865,identity,1.0,0.3881856540084388,1.0,,1686,228.89894726230457,1.0,228.89894726230457,,0.0,1.0,0.0,70.00339812825126,0.0,0.0,0,0,0.0,0,0.20998790393627173,210,0.43989059813814946,0.009523809523809525,0.0
1686,745.1860789629205,5466.518333321267,3998881.633643822,0.23868642050059263,,0.0,0.12728639542763492,0.0,0.09194730643056095,171,0.8353302212977917,0.8011695906432749,474,0.9378425656215598,rolling_pool_held_out,0.22381364816175267,0,0,2026-05_to_2026-06:paxg_usdc_500,0.4210830083164702,0.5327060633503331,0.5814978209406301,sign_offset,1.0,0.3881856540084388,1.0,,1686,228.89894726230457,1.0,228.89894726230457,,0.0,1.0,0.0,70.00339812825126,0.0,0.0,0,0,0.0,0,0.1560625107538237,210,0.37480572350694147,0.009523809523809525,0.0
1547,745.1744864051697,5465.580925769319,3995751.6566884797,0.19595973727066168,,0.9366899474806974,0.09250391096214913,0.09071729957805907,0.08479664710306777,171,0.8494314071401153,0.8011695906432749,474,0.9378425656215598,rolling_pool_held_out,0.19622922659363615,0,4,2026-05_to_2026-06:paxg_usdc_500,0.3563091596654433,0.3019717023526888,0.5511523021813083,sign_platt,1.0,0.3881856540084388,1.0,0.999271865948675,1686,228.89894726230457,0.9999999157425085,228.89892797585347,0.9069767441860465,0.783972963587464,0.9632283593682872,0.21195652173913043,70.00339812825126,5.006344021689805e-07,3.50461093717342e-05,0,39,0.0006825583585430151,96,0.09877982581882967,210,0.3082678881434226,0.009523809523809525,0.9373725058392405
2200,38953.57659653005,15367.055248370427,14555463.994916499,0.19191137830830723,0.0,0.0,0.21609309928275397,0.0008278145695364238,0.11485214983770385,584,0.7225615365936863,0.815068493150685,1208,178.26841584610173,rolling_pool_held_out,0.18997488280936523,1,0,2026-05_to_2026-06:weth_usdc_3000,0.6782260746579688,0.7764335238706019,0.4290727362382538,global_offset,1.0,0.6283112582781457,1.0,,2202,36722.72927469476,1.0,36722.72927469476,,0.0,1.0,0.0,9971.119711727471,0.0,0.0,0,0,0.0,0,0.32786004536197755,529,0.10506997743376874,0.40264650283553877,0.0
1537,21666.380589417844,12657.350076030953,11057053.379642058,0.23181252012399794,0.5891089108910891,0.0,0.24451873836419613,0.3344370860927152,0.11342419247312963,584,0.8412939146873332,0.815068493150685,1208,178.26841584610173,rolling_pool_held_out,0.23118466158318135,166,0,2026-05_to_2026-06:weth_usdc_3000,1.1289953989211365,0.44612321749207495,0.4487300999974872,global_platt,1.0,0.6283112582781457,1.0,,2202,36722.72927469476,1.0,36722.72927469476,,0.0,1.0,0.0,9971.119711727471,0.0,0.0,238,0,0.0,0,0.38924315197550585,529,0.015351521965596669,0.40264650283553877,0.0
2096,38846.94839864206,15074.333040730367,13519710.258634405,0.11381538737335342,,10.443809108854609,0.1833298120334027,0.052980132450331126,0.1029850685074404,584,0.8228947803448144,0.815068493150685,1208,178.26841584610173,rolling_pool_held_out,0.11576383610178667,0,4,2026-05_to_2026-06:weth_usdc_3000,0.552063103263538,0.958713073538655,0.5390947916372769,identity,1.0,0.6283112582781457,1.0,0.631672116201989,2202,36722.72927469476,0.9719904764345406,35694.14312368721,0.9375,0.8500251490779133,0.9754287986033819,0.07905138339920949,9971.119711727471,0.06140134778591074,612.2401892347285,0,60,363.0869140841363,42,0.27202797879930435,529,0.22578818784672508,0.40264650283553877,373.53072319299093
1345,15365.534565196102,10729.43226062912,9692696.931645758,0.21569646289324418,0.592156862745098,0.0,0.2444177355811795,0.42218543046357615,0.10322563862138834,584,0.8530730456577211,0.815068493150685,1208,178.26841584610173,rolling_pool_held_out,0.21395961492732887,208,0,2026-05_to_2026-06:weth_usdc_3000,1.3286036065233024,0.6595749728823231,0.4489574569921256,sign_offset,1.0,0.6283112582781457,1.0,,2202,36722.72927469476,1.0,36722.72927469476,,0.0,1.0,0.0,9971.119711727471,0.0,0.0,302,0,0.0,0,0.4002895401643893,529,0.0028260698830372224,0.40264650283553877,0.0
1388,19314.449649220765,12294.918909603191,10364624.57730836,0.22203950748846835,0.6091476091476091,0.0,0.24524761612592783,0.3981788079470199,0.10491655395481346,584,0.8522641787633134,0.815068493150685,1208,178.26841584610173,rolling_pool_held_out,0.21960618039355034,188,0,2026-05_to_2026-06:weth_usdc_3000,1.3091828619781316,0.3968059819494529,0.44864984957996484,sign_platt,1.0,0.6283112582781457,1.0,,2202,36722.72927469476,1.0,36722.72927469476,,0.0,1.0,0.0,9971.119711727471,0.0,0.0,293,0,0.0,0,0.4001688643450787,529,0.003071837778309716,0.40264650283553877,0.0
