brier_score,count,evaluation_scheme,expected_calibration_error,mean_toxicity_probability,method,observed_toxic_rate,pool_family,probability_branch,test_month
0.01797215663346209,44,rolling_chronological,0.1282027950002439,0.8717972049997562,global_offset,1.0,eurc_usdc_500,closes_gap,2026-02
0.02729273959916445,31,rolling_chronological,0.16338766078313666,0.31080607549321865,global_offset,0.1935483870967742,eurc_usdc_500,closes_gap,2026-03
0.022185401214636146,32,rolling_chronological,0.13269097350989104,0.655146359745795,global_offset,0.625,eurc_usdc_500,closes_gap,2026-04
0.02421657177691291,24,rolling_chronological,0.1505773908430322,0.5376569853045113,global_offset,0.5,eurc_usdc_500,closes_gap,2026-05
0.025162523775335087,14,rolling_chronological,0.1563033402793015,0.6196027037311795,global_offset,0.6428571428571429,eurc_usdc_500,closes_gap,2026-06
0.11369093339051956,92,rolling_chronological,0.32950174337308846,0.3295017433730885,global_offset,0.0,eurc_usdc_500,widens_gap,2026-02
0.05648592574360091,47,rolling_chronological,0.2284296175326977,0.22842961753269764,global_offset,0.0,eurc_usdc_500,widens_gap,2026-03
0.08599012736157102,32,rolling_chronological,0.28451247340739877,0.28451247340739877,global_offset,0.0,eurc_usdc_500,widens_gap,2026-04
0.048709500787589316,43,rolling_chronological,0.21187344409452452,0.21187344409452452,global_offset,0.0,eurc_usdc_500,widens_gap,2026-05
0.04638092305822863,37,rolling_chronological,0.20222809438119707,0.20222809438119704,global_offset,0.0,eurc_usdc_500,widens_gap,2026-06
0.1478864213302913,1385,rolling_chronological,0.1435192620967935,0.7264183050107701,global_offset,0.8534296028880867,paxg_usdc_500,closes_gap,2026-02
0.13457496311227637,994,rolling_chronological,0.1560873712430248,0.7583964064719757,global_offset,0.8058350100603622,paxg_usdc_500,closes_gap,2026-03
0.06388516965863819,318,rolling_chronological,0.1059545459780123,0.8165235969018911,global_offset,0.9213836477987422,paxg_usdc_500,closes_gap,2026-04
0.09000621535872176,192,rolling_chronological,0.12713201358622095,0.7861796181560852,global_offset,0.8802083333333334,paxg_usdc_500,closes_gap,2026-05
0.09254745477520897,171,rolling_chronological,0.08542102287425007,0.7564522704048862,global_offset,0.8011695906432749,paxg_usdc_500,closes_gap,2026-06
0.130672928734021,1609,rolling_chronological,0.2884027768467747,0.32755753135267895,global_offset,0.03915475450590429,paxg_usdc_500,widens_gap,2026-02
0.08539336779142273,973,rolling_chronological,0.17264003202041284,0.2219719950214406,global_offset,0.04933196300102775,paxg_usdc_500,widens_gap,2026-03
0.1363032263993421,562,rolling_chronological,0.34604051833258986,0.35137859662440485,global_offset,0.005338078291814947,paxg_usdc_500,widens_gap,2026-04
0.07861201143569126,304,rolling_chronological,0.24925109162480102,0.25254056530901153,global_offset,0.003289473684210526,paxg_usdc_500,widens_gap,2026-05
0.057350491526692665,210,rolling_chronological,0.1984018339014782,0.20792564342528774,global_offset,0.009523809523809525,paxg_usdc_500,widens_gap,2026-06
0.16830570270877884,864,rolling_chronological,0.08084403921462609,0.7802923909695715,global_offset,0.7847222222222222,weth_usdc_3000,closes_gap,2026-02
0.1359005630684926,618,rolling_chronological,0.08128752724620648,0.7721697832527732,global_offset,0.8511326860841424,weth_usdc_3000,closes_gap,2026-03
0.0939611549346909,534,rolling_chronological,0.05252150201671385,0.8091478102359992,global_offset,0.8614232209737828,weth_usdc_3000,closes_gap,2026-04
0.06659950338476187,352,rolling_chronological,0.09364845760833604,0.7668043637110773,global_offset,0.8579545454545454,weth_usdc_3000,closes_gap,2026-05
0.10293326786331432,584,rolling_chronological,0.028552732997378344,0.7865157601533066,global_offset,0.815068493150685,weth_usdc_3000,closes_gap,2026-06
0.31079164138882526,800,rolling_chronological,0.2605718133496029,0.27192818665039714,global_offset,0.5325,weth_usdc_3000,widens_gap,2026-02
0.3945349579670406,465,rolling_chronological,0.42191083717331734,0.2512074423965751,global_offset,0.6731182795698925,weth_usdc_3000,widens_gap,2026-03
0.2814407600869841,331,rolling_chronological,0.1729615576949403,0.3043798320331564,global_offset,0.4773413897280967,weth_usdc_3000,widens_gap,2026-04
0.24236011766641183,298,rolling_chronological,0.10013069903556723,0.2627984191608212,global_offset,0.3523489932885906,weth_usdc_3000,widens_gap,2026-05
0.2626044847108666,529,rolling_chronological,0.15434234763484275,0.24830415520069601,global_offset,0.40264650283553877,weth_usdc_3000,widens_gap,2026-06
0.007215409715584767,44,rolling_chronological,0.07837964366495002,0.9216203563350498,global_platt,1.0,eurc_usdc_500,closes_gap,2026-02
0.024045423560398,31,rolling_chronological,0.15315760291284847,0.30445174592285984,global_platt,0.1935483870967742,eurc_usdc_500,closes_gap,2026-03
0.025909585205550707,32,rolling_chronological,0.145660804642956,0.6527543424695817,global_platt,0.625,eurc_usdc_500,closes_gap,2026-04
0.010122933460137783,24,rolling_chronological,0.09279421231365675,0.5372530481483945,global_platt,0.5,eurc_usdc_500,closes_gap,2026-05
0.007116000320283958,14,rolling_chronological,0.07749864098071921,0.6498680644664664,global_platt,0.6428571428571429,eurc_usdc_500,closes_gap,2026-06
0.09004007276594468,92,rolling_chronological,0.2881037692905417,0.2881037692905417,global_platt,0.0,eurc_usdc_500,widens_gap,2026-02
0.05247124361295945,47,rolling_chronological,0.21915586185796243,0.21915586185796246,global_platt,0.0,eurc_usdc_500,widens_gap,2026-03
0.09231097468057298,32,rolling_chronological,0.2959922572604475,0.2959922572604475,global_platt,0.0,eurc_usdc_500,widens_gap,2026-04
0.029075161418084403,43,rolling_chronological,0.15821705850355616,0.15821705850355616,global_platt,0.0,eurc_usdc_500,widens_gap,2026-05
0.0251698102163607,37,rolling_chronological,0.14395771124156756,0.14395771124156756,global_platt,0.0,eurc_usdc_500,widens_gap,2026-06
0.13872746324084845,1385,rolling_chronological,0.11390179738128436,0.7760716978854211,global_platt,0.8534296028880867,paxg_usdc_500,closes_gap,2026-02
0.1334390896504911,994,rolling_chronological,0.14621746788630002,0.7662833017388312,global_platt,0.8058350100603622,paxg_usdc_500,closes_gap,2026-03
0.06685512505075986,318,rolling_chronological,0.12066190002336825,0.8045253075435412,global_platt,0.9213836477987422,paxg_usdc_500,closes_gap,2026-04
0.0786224350693187,192,rolling_chronological,0.11100463369150795,0.8447426892213511,global_platt,0.8802083333333334,paxg_usdc_500,closes_gap,2026-05
0.08433998402962728,171,rolling_chronological,0.07725174004321658,0.8261639964932057,global_platt,0.8011695906432749,paxg_usdc_500,closes_gap,2026-06
0.11277209914597178,1609,rolling_chronological,0.24819031420369955,0.28734506870960386,global_platt,0.03915475450590429,paxg_usdc_500,widens_gap,2026-02
0.08295338872536001,973,rolling_chronological,0.1645476809904243,0.21387964399145207,global_platt,0.04933196300102775,paxg_usdc_500,widens_gap,2026-03
0.14112487361171705,562,rolling_chronological,0.3542273129704556,0.35956539126227055,global_platt,0.005338078291814947,paxg_usdc_500,widens_gap,2026-04
0.06111108551093483,304,rolling_chronological,0.20912711590473787,0.2124165895889484,global_platt,0.003289473684210526,paxg_usdc_500,widens_gap,2026-05
0.03924237675184496,210,rolling_chronological,0.1481116355909764,0.15763544511478592,global_platt,0.009523809523809525,paxg_usdc_500,widens_gap,2026-06
0.17565772099268498,864,rolling_chronological,0.12145409682704854,0.8185118072013023,global_platt,0.7847222222222222,weth_usdc_3000,closes_gap,2026-02
0.1365225747571365,618,rolling_chronological,0.09112862608530793,0.778923517170809,global_platt,0.8511326860841424,weth_usdc_3000,closes_gap,2026-03
0.09437290834694627,534,rolling_chronological,0.06182048396466672,0.8001797209074248,global_platt,0.8614232209737828,weth_usdc_3000,closes_gap,2026-04
0.06245514306749143,352,rolling_chronological,0.05399868742155934,0.8051736120997376,global_platt,0.8579545454545454,weth_usdc_3000,closes_gap,2026-05
0.10584481637275067,584,rolling_chronological,0.0617957669183709,0.8450609915926641,global_platt,0.815068493150685,weth_usdc_3000,closes_gap,2026-06
0.3388978920565579,800,rolling_chronological,0.3075331502751059,0.22496684972489409,global_platt,0.5325,weth_usdc_3000,widens_gap,2026-02
0.402031561388026,465,rolling_chronological,0.4306241204560776,0.24249415911381492,global_platt,0.6731182795698925,weth_usdc_3000,widens_gap,2026-03
0.2776293046415521,331,rolling_chronological,0.16233902285436377,0.31500236687373295,global_platt,0.4773413897280967,weth_usdc_3000,widens_gap,2026-04
0.2545856824902913,298,rolling_chronological,0.1389379054897486,0.21341108779884196,global_platt,0.3523489932885906,weth_usdc_3000,widens_gap,2026-05
0.2832221780949064,529,rolling_chronological,0.21202244166809056,0.19062406116744818,global_platt,0.40264650283553877,weth_usdc_3000,widens_gap,2026-06
0.006953205614945265,44,rolling_chronological,0.07932209241019814,0.920677907589802,identity,1.0,eurc_usdc_500,closes_gap,2026-02
0.05080558723075752,31,rolling_chronological,0.21509311588467359,0.3777616560474823,identity,0.1935483870967742,eurc_usdc_500,closes_gap,2026-03
0.025474221121507986,32,rolling_chronological,0.13569790177761068,0.6705049341219703,identity,0.625,eurc_usdc_500,closes_gap,2026-04
0.03661281873425896,24,rolling_chronological,0.16820363663383492,0.5901371536710855,identity,0.5,eurc_usdc_500,closes_gap,2026-05
0.030895105934153264,14,rolling_chronological,0.1546334337523173,0.6772386265197865,identity,0.6428571428571429,eurc_usdc_500,closes_gap,2026-06
0.21309024092135775,92,rolling_chronological,0.45427815904406765,0.45427815904406765,identity,0.0,eurc_usdc_500,widens_gap,2026-02
0.10482447747561471,47,rolling_chronological,0.31364249426008994,0.31364249426009,identity,0.0,eurc_usdc_500,widens_gap,2026-03
0.10360411878100252,32,rolling_chronological,0.3129100144763276,0.3129100144763276,identity,0.0,eurc_usdc_500,widens_gap,2026-04
0.08744300872806629,43,rolling_chronological,0.2856722502074827,0.2856722502074827,identity,0.0,eurc_usdc_500,widens_gap,2026-05
0.08894994223243416,37,rolling_chronological,0.2814487091724941,0.2814487091724941,identity,0.0,eurc_usdc_500,widens_gap,2026-06
0.13016595596943428,1385,rolling_chronological,0.05397037745213676,0.8169299225250556,identity,0.8534296028880867,paxg_usdc_500,closes_gap,2026-02
0.12625203908545926,994,rolling_chronological,0.13153901442239146,0.816218434167623,identity,0.8058350100603622,paxg_usdc_500,closes_gap,2026-03
0.060018358420742865,318,rolling_chronological,0.0927155550309193,0.8335368833178781,identity,0.9213836477987422,paxg_usdc_500,closes_gap,2026-04
0.0798540142705032,192,rolling_chronological,0.11530027983651178,0.8378413500261237,identity,0.8802083333333334,paxg_usdc_500,closes_gap,2026-05
0.08979973055472588,171,rolling_chronological,0.05665026851695747,0.8128893045554711,identity,0.8011695906432749,paxg_usdc_500,closes_gap,2026-06
0.2187125655293999,1609,rolling_chronological,0.41091448937414926,0.4500692438800536,identity,0.03915475450590429,paxg_usdc_500,widens_gap,2026-02
0.1238520096353855,973,rolling_chronological,0.25131671373381825,0.300648676734846,identity,0.04933196300102775,paxg_usdc_500,widens_gap,2026-03
0.15950663464985862,562,rolling_chronological,0.3769545929554995,0.3822926712473144,identity,0.005338078291814947,paxg_usdc_500,widens_gap,2026-04
0.1296421167372376,304,rolling_chronological,0.3262062589306804,0.3294957326148909,identity,0.003289473684210526,paxg_usdc_500,widens_gap,2026-05
0.10081728709709382,210,rolling_chronological,0.27594329905255466,0.2854671085763642,identity,0.009523809523809525,paxg_usdc_500,widens_gap,2026-06
0.16739838024372222,864,rolling_chronological,0.09586141702703076,0.8376097252520323,identity,0.7847222222222222,weth_usdc_3000,closes_gap,2026-02
0.12701964724388126,618,rolling_chronological,0.08058057342009031,0.8180541137708864,identity,0.8511326860841424,weth_usdc_3000,closes_gap,2026-03
0.09177887875182338,534,rolling_chronological,0.05002890074011543,0.8228477636082301,identity,0.8614232209737828,weth_usdc_3000,closes_gap,2026-04
0.06084560719572895,352,rolling_chronological,0.05502360051096898,0.8091370498896618,identity,0.8579545454545454,weth_usdc_3000,closes_gap,2026-05
0.10175744656143156,584,rolling_chronological,0.04460235988499546,0.8324719109491673,identity,0.815068493150685,weth_usdc_3000,closes_gap,2026-06
0.2651583923005011,800,rolling_chronological,0.15478301527355315,0.3840126139702318,identity,0.5325,weth_usdc_3000,widens_gap,2026-02
0.32776787682667075,465,rolling_chronological,0.3326838198482512,0.34043445972164127,identity,0.6731182795698925,weth_usdc_3000,widens_gap,2026-03
0.27271230428370197,331,rolling_chronological,0.14363803013588833,0.33370335959220837,identity,0.4773413897280967,weth_usdc_3000,widens_gap,2026-04
0.2364805614897289,298,rolling_chronological,0.09641536910477799,0.34702375863597834,identity,0.3523489932885906,weth_usdc_3000,widens_gap,2026-05
0.24339170923841472,529,rolling_chronological,0.06231994498913963,0.3403265578463991,identity,0.40264650283553877,weth_usdc_3000,widens_gap,2026-06
0.002716594809173474,44,rolling_chronological,0.04940684198511885,0.9505931580148812,sign_offset,1.0,eurc_usdc_500,closes_gap,2026-02
0.04626021029253014,31,rolling_chronological,0.2063269973310306,0.36707457107535085,sign_offset,0.1935483870967742,eurc_usdc_500,closes_gap,2026-03
0.025763629089087442,32,rolling_chronological,0.13598166381838694,0.6716635101029965,sign_offset,0.625,eurc_usdc_500,closes_gap,2026-04
0.07617031110899908,24,rolling_chronological,0.21578130034539775,0.6712019249568844,sign_offset,0.5,eurc_usdc_500,closes_gap,2026-05
0.04519373358646366,14,rolling_chronological,0.16517914371197728,0.7228128971242167,sign_offset,0.6428571428571429,eurc_usdc_500,closes_gap,2026-06
0.03514405457664651,92,rolling_chronological,0.18149887212198482,0.18149887212198482,sign_offset,0.0,eurc_usdc_500,widens_gap,2026-02
0.036200557313830956,47,rolling_chronological,0.1820300863164881,0.18203008631648812,sign_offset,0.0,eurc_usdc_500,widens_gap,2026-03
0.07418126714166785,32,rolling_chronological,0.26387319686971794,0.26387319686971794,sign_offset,0.0,eurc_usdc_500,widens_gap,2026-04
0.019108227374610078,43,rolling_chronological,0.13172201441178602,0.131722014411786,sign_offset,0.0,eurc_usdc_500,widens_gap,2026-05
0.020929974363162854,37,rolling_chronological,0.13523014623937907,0.13523014623937907,sign_offset,0.0,eurc_usdc_500,widens_gap,2026-06
0.1275264437224305,1385,rolling_chronological,0.03779761492536193,0.8792253180105973,sign_offset,0.8534296028880867,paxg_usdc_500,closes_gap,2026-02
0.12689405249294886,994,rolling_chronological,0.12674031654841522,0.8084713248118581,sign_offset,0.8058350100603622,paxg_usdc_500,closes_gap,2026-03
0.059765031309599655,318,rolling_chronological,0.09167271671014136,0.8347663049286197,sign_offset,0.9213836477987422,paxg_usdc_500,closes_gap,2026-04
0.07680153411140352,192,rolling_chronological,0.056348757331514475,0.8937961561996489,sign_offset,0.8802083333333334,paxg_usdc_500,closes_gap,2026-05
0.09369514762606215,171,rolling_chronological,0.08894857470581188,0.8509004474238184,sign_offset,0.8011695906432749,paxg_usdc_500,closes_gap,2026-06
0.06286953107109816,1609,rolling_chronological,0.14262973292530864,0.18178448743121292,sign_offset,0.03915475450590429,paxg_usdc_500,widens_gap,2026-02
0.06949865934445261,973,rolling_chronological,0.12913917051066884,0.17847113351169658,sign_offset,0.04933196300102775,paxg_usdc_500,widens_gap,2026-03
0.1203105341797572,562,rolling_chronological,0.32319034046012274,0.3285284187519377,sign_offset,0.005338078291814947,paxg_usdc_500,widens_gap,2026-04
0.035105560946397975,304,rolling_chronological,0.15993425057457722,0.16322372425878773,sign_offset,0.003289473684210526,paxg_usdc_500,widens_gap,2026-05
0.03054604301211197,210,rolling_chronological,0.13130966350706813,0.14083347303087765,sign_offset,0.009523809523809525,paxg_usdc_500,widens_gap,2026-06
0.1694310636844975,864,rolling_chronological,0.11696651004423961,0.8789107714534207,sign_offset,0.7847222222222222,weth_usdc_3000,closes_gap,2026-02
0.12812167883467002,618,rolling_chronological,0.07480149211286198,0.8118374554816846,sign_offset,0.8511326860841424,weth_usdc_3000,closes_gap,2026-03
0.09163334067647676,534,rolling_chronological,0.05139050388632371,0.8238479094760952,sign_offset,0.8614232209737828,weth_usdc_3000,closes_gap,2026-04
0.06092466506044705,352,rolling_chronological,0.04186893314665419,0.8602769658146193,sign_offset,0.8579545454545454,weth_usdc_3000,closes_gap,2026-05
0.1039538620744928,584,rolling_chronological,0.04855319490595612,0.8636216880566411,sign_offset,0.815068493150685,weth_usdc_3000,closes_gap,2026-06
0.392401990597927,800,rolling_chronological,0.386080537225015,0.14641946277498502,sign_offset,0.5325,weth_usdc_3000,widens_gap,2026-02
0.4386197894602818,465,rolling_chronological,0.4714236076033256,0.20169467196656693,sign_offset,0.6731182795698925,weth_usdc_3000,widens_gap,2026-03
0.2888932318907853,331,rolling_chronological,0.1943777058614641,0.2829636838666326,sign_offset,0.4773413897280967,weth_usdc_3000,widens_gap,2026-04
0.2659919811764609,298,rolling_chronological,0.1851625401180657,0.1671864531705249,sign_offset,0.3523489932885906,weth_usdc_3000,widens_gap,2026-05
0.2934934326814141,529,rolling_chronological,0.23441394761193746,0.16823255522360128,sign_offset,0.40264650283553877,weth_usdc_3000,widens_gap,2026-06
0.0051388184985069535,44,rolling_chronological,0.06985479443774414,0.9301452055622559,sign_platt,1.0,eurc_usdc_500,closes_gap,2026-02
0.30040038371165556,31,rolling_chronological,0.5150544718803083,0.6572038331581102,sign_platt,0.1935483870967742,eurc_usdc_500,closes_gap,2026-03
0.06798818227739088,32,rolling_chronological,0.2152211536679594,0.7127889913974979,sign_platt,0.625,eurc_usdc_500,closes_gap,2026-04
0.06965843877030037,24,rolling_chronological,0.20615249769640964,0.6638596961438855,sign_platt,0.5,eurc_usdc_500,closes_gap,2026-05
0.017319957469546007,14,rolling_chronological,0.10297760198487181,0.6901026298155204,sign_platt,0.6428571428571429,eurc_usdc_500,closes_gap,2026-06
0.06495424808552029,92,rolling_chronological,0.25486123299850083,0.25486123299850083,sign_platt,0.0,eurc_usdc_500,widens_gap,2026-02
0.03699666806294907,47,rolling_chronological,0.18950078467412937,0.18950078467412934,sign_platt,0.0,eurc_usdc_500,widens_gap,2026-03
0.07345273603362922,32,rolling_chronological,0.26361082691718396,0.26361082691718396,sign_platt,0.0,eurc_usdc_500,widens_gap,2026-04
0.04925225527331067,43,rolling_chronological,0.22192849135094225,0.22192849135094225,sign_platt,0.0,eurc_usdc_500,widens_gap,2026-05
0.022964104865913097,37,rolling_chronological,0.1467558993090126,0.1467558993090126,sign_platt,0.0,eurc_usdc_500,widens_gap,2026-06
0.1260448548290248,1385,rolling_chronological,0.01907258416152692,0.8718503695020237,sign_platt,0.8534296028880867,paxg_usdc_500,closes_gap,2026-02
0.13876343966874605,994,rolling_chronological,0.07750103175673574,0.8235281335885192,sign_platt,0.8058350100603622,paxg_usdc_500,closes_gap,2026-03
0.06330071695483615,318,rolling_chronological,0.11211572809298105,0.8253771657893647,sign_platt,0.9213836477987422,paxg_usdc_500,closes_gap,2026-04
0.07628276868617385,192,rolling_chronological,0.048604132199069464,0.8948536242537646,sign_platt,0.8802083333333334,paxg_usdc_500,closes_gap,2026-05
0.08682766145161278,171,rolling_chronological,0.06416955712870819,0.8544352432840756,sign_platt,0.8011695906432749,paxg_usdc_500,closes_gap,2026-06
0.084150944322648,1609,rolling_chronological,0.2157064747291963,0.2548612292351006,sign_platt,0.03915475450590429,paxg_usdc_500,widens_gap,2026-02
0.06611249369630087,973,rolling_chronological,0.13314982285430296,0.1824817858553307,sign_platt,0.04933196300102775,paxg_usdc_500,widens_gap,2026-03
0.11571161942031802,562,rolling_chronological,0.31810225550240845,0.32344033379422343,sign_platt,0.005338078291814947,paxg_usdc_500,widens_gap,2026-04
0.051081678055540446,304,rolling_chronological,0.21863902991307954,0.22192850359729008,sign_platt,0.003289473684210526,paxg_usdc_500,widens_gap,2026-05
0.029754849341634478,210,rolling_chronological,0.13849091299246388,0.14801472251627343,sign_platt,0.009523809523809525,paxg_usdc_500,widens_gap,2026-06
0.16506645645457385,864,rolling_chronological,0.09564188060123421,0.8803641028234565,sign_platt,0.7847222222222222,weth_usdc_3000,closes_gap,2026-02
0.1138244327213727,618,rolling_chronological,0.04116111314067012,0.8285051792011029,sign_platt,0.8511326860841424,weth_usdc_3000,closes_gap,2026-03
0.09000219920378782,534,rolling_chronological,0.04393381274201952,0.8220871273532301,sign_platt,0.8614232209737828,weth_usdc_3000,closes_gap,2026-04
0.0603222074001234,352,rolling_chronological,0.037491762804334375,0.8593865168701417,sign_platt,0.8579545454545454,weth_usdc_3000,closes_gap,2026-05
0.10485520826484757,584,rolling_chronological,0.05941564114039526,0.8653697687952884,sign_platt,0.815068493150685,weth_usdc_3000,closes_gap,2026-06
0.32602705120633113,800,rolling_chronological,0.2776388260521968,0.25486117394780317,sign_platt,0.5325,weth_usdc_3000,widens_gap,2026-02
0.4400999120622516,465,rolling_chronological,0.47251509008590753,0.20060318948398498,sign_platt,0.6731182795698925,weth_usdc_3000,widens_gap,2026-03
0.2890817295804348,331,rolling_chronological,0.19750079053566827,0.28134310364335763,sign_platt,0.4773413897280967,weth_usdc_3000,widens_gap,2026-04
0.24520867640755734,298,rolling_chronological,0.13042044940766953,0.22192854388092106,sign_platt,0.3523489932885906,weth_usdc_3000,widens_gap,2026-05
0.2952486803723417,529,rolling_chronological,0.23611295745752311,0.16653354537801562,sign_platt,0.40264650283553877,weth_usdc_3000,widens_gap,2026-06
0.017400113020665346,44,rolling_pool_held_out,0.12611887452757142,0.8738811254724286,global_offset,1.0,eurc_usdc_500,closes_gap,2026-02
0.028205340332753726,31,rolling_pool_held_out,0.16584511100394791,0.3140806705057664,global_offset,0.1935483870967742,eurc_usdc_500,closes_gap,2026-03
0.022971263974250408,32,rolling_pool_held_out,0.1335584111608476,0.6588465484039401,global_offset,0.625,eurc_usdc_500,closes_gap,2026-04
0.02483585071057375,24,rolling_pool_held_out,0.1519352045649356,0.5403034722925156,global_offset,0.5,eurc_usdc_500,closes_gap,2026-05
0.025747257621369205,14,rolling_pool_held_out,0.1573408457971962,0.624189857715397,global_offset,0.6428571428571429,eurc_usdc_500,closes_gap,2026-06
0.11649516679858196,92,rolling_pool_held_out,0.33362244593612,0.33362244593611995,global_offset,0.0,eurc_usdc_500,widens_gap,2026-02
0.058856495164058165,47,rolling_pool_held_out,0.23315244813678337,0.23315244813678337,global_offset,0.0,eurc_usdc_500,widens_gap,2026-03
0.0915905014367492,32,rolling_pool_held_out,0.29351122423664155,0.2935112242366416,global_offset,0.0,eurc_usdc_500,widens_gap,2026-04
0.050973152122403734,43,rolling_pool_held_out,0.21688748950229084,0.2168874895022908,global_offset,0.0,eurc_usdc_500,widens_gap,2026-05
0.05711758593314736,37,rolling_pool_held_out,0.23358739682316826,0.2335873968231683,global_offset,0.0,eurc_usdc_500,widens_gap,2026-06
0.1283480356239612,1385,rolling_pool_held_out,0.04178702967455725,0.838795650488145,global_offset,0.8534296028880867,paxg_usdc_500,closes_gap,2026-02
0.1282772997448259,994,rolling_pool_held_out,0.13748027203274527,0.8205810232602926,global_offset,0.8058350100603622,paxg_usdc_500,closes_gap,2026-03
0.052376450704049934,318,rolling_pool_held_out,0.035462085311802345,0.90295955527759,global_offset,0.9213836477987422,paxg_usdc_500,closes_gap,2026-04
0.07925944359965421,192,rolling_pool_held_out,0.10987055175778306,0.8685732188437085,global_offset,0.8802083333333334,paxg_usdc_500,closes_gap,2026-05
0.0899424302649407,171,rolling_pool_held_out,0.08319461785203455,0.7891752870542615,global_offset,0.8011695906432749,paxg_usdc_500,closes_gap,2026-06
0.2517091140329499,1609,rolling_pool_held_out,0.4490031459511784,0.48815790045708274,global_offset,0.03915475450590429,paxg_usdc_500,widens_gap,2026-02
0.19792191489925454,973,rolling_pool_held_out,0.35410150954073893,0.40324804901233385,global_offset,0.04933196300102775,paxg_usdc_500,widens_gap,2026-03
0.42546502867298946,562,rolling_pool_held_out,0.640696027229416,0.6435238411037746,global_offset,0.005338078291814947,paxg_usdc_500,widens_gap,2026-04
0.3144097576153149,304,rolling_pool_held_out,0.5410315628208696,0.5443210365050802,global_offset,0.003289473684210526,paxg_usdc_500,widens_gap,2026-05
0.19072796528931532,210,rolling_pool_held_out,0.40818467893479216,0.4177084884586017,global_offset,0.009523809523809525,paxg_usdc_500,widens_gap,2026-06
0.1766485263198888,864,rolling_pool_held_out,0.11404024965532188,0.7231731331373525,global_offset,0.7847222222222222,weth_usdc_3000,closes_gap,2026-02
0.1509602662367674,618,rolling_pool_held_out,0.13314516404847618,0.725840047015255,global_offset,0.8511326860841424,weth_usdc_3000,closes_gap,2026-03
0.11044056777814604,534,rolling_pool_held_out,0.1124665295907751,0.7489566913830076,global_offset,0.8614232209737828,weth_usdc_3000,closes_gap,2026-04
0.0896163393946439,352,rolling_pool_held_out,0.17027288043384903,0.6876816650206964,global_offset,0.8579545454545454,weth_usdc_3000,closes_gap,2026-05
0.11485214983770385,584,rolling_pool_held_out,0.09250695655699853,0.7225615365936863,global_offset,0.815068493150685,weth_usdc_3000,closes_gap,2026-06
0.37421008637468517,800,rolling_pool_held_out,0.3594117979270384,0.17308820207296158,global_offset,0.5325,weth_usdc_3000,widens_gap,2026-02
0.4949448503511404,465,rolling_pool_held_out,0.524035608230925,0.14908267133896752,global_offset,0.6731182795698925,weth_usdc_3000,widens_gap,2026-03
0.36471271535343625,331,rolling_pool_held_out,0.3348968016859046,0.14244458804219207,global_offset,0.4773413897280967,weth_usdc_3000,widens_gap,2026-04
0.29118816514933904,298,rolling_pool_held_out,0.24459113161149035,0.10775786167710026,global_offset,0.3523489932885906,weth_usdc_3000,widens_gap,2026-05
0.32786004536197755,529,rolling_pool_held_out,0.29757652540177004,0.10506997743376874,global_offset,0.40264650283553877,weth_usdc_3000,widens_gap,2026-06
0.0074845674135319154,44,rolling_pool_held_out,0.08005724298512676,0.9199427570148733,global_platt,1.0,eurc_usdc_500,closes_gap,2026-02
0.026531648624188532,31,rolling_pool_held_out,0.16074053682046263,0.31087666294778926,global_platt,0.1935483870967742,eurc_usdc_500,closes_gap,2026-03
0.02793618335237471,32,rolling_pool_held_out,0.15032430291909818,0.6560987182004917,global_platt,0.625,eurc_usdc_500,closes_gap,2026-04
0.011115145839646444,24,rolling_pool_held_out,0.0972105844744972,0.5392142585413592,global_platt,0.5,eurc_usdc_500,closes_gap,2026-05
0.008187879239430146,14,rolling_pool_held_out,0.08303396625171569,0.6509030173802964,global_platt,0.6428571428571429,eurc_usdc_500,closes_gap,2026-06
0.09400164402876164,92,rolling_pool_held_out,0.29492236366997665,0.29492236366997665,global_platt,0.0,eurc_usdc_500,widens_gap,2026-02
0.05680452401226393,47,rolling_pool_held_out,0.22854430637911705,0.22854430637911705,global_platt,0.0,eurc_usdc_500,widens_gap,2026-03
0.10014287692084081,32,rolling_pool_held_out,0.30854092428797214,0.30854092428797214,global_platt,0.0,eurc_usdc_500,widens_gap,2026-04
0.031656025358371316,43,rolling_pool_held_out,0.16548646421531762,0.16548646421531765,global_platt,0.0,eurc_usdc_500,widens_gap,2026-05
0.0332028427065558,37,rolling_pool_held_out,0.17296931531239523,0.17296931531239526,global_platt,0.0,eurc_usdc_500,widens_gap,2026-06
0.1306489680061869,1385,rolling_pool_held_out,0.06685241597572633,0.79907339361771,global_platt,0.8534296028880867,paxg_usdc_500,closes_gap,2026-02
0.1389649808226927,994,rolling_pool_held_out,0.15805884128641104,0.7502521726901596,global_platt,0.8058350100603622,paxg_usdc_500,closes_gap,2026-03
0.0615558925259972,318,rolling_pool_held_out,0.09966838921899536,0.8480367919472208,global_platt,0.9213836477987422,paxg_usdc_500,closes_gap,2026-04
0.08127386571564432,192,rolling_pool_held_out,0.11714027753098087,0.8558319347140443,global_platt,0.8802083333333334,paxg_usdc_500,closes_gap,2026-05
0.08490908921021104,171,rolling_pool_held_out,0.03732305702737302,0.8314828668090182,global_platt,0.8011695906432749,paxg_usdc_500,closes_gap,2026-06
0.2669825702861326,1609,rolling_pool_held_out,0.470358321552823,0.5095130760587273,global_platt,0.03915475450590429,paxg_usdc_500,widens_gap,2026-02
0.23946823439851403,973,rolling_pool_held_out,0.4243271109054439,0.47365907390647166,global_platt,0.04933196300102775,paxg_usdc_500,widens_gap,2026-03
0.4257567542054387,562,rolling_pool_held_out,0.6440591522348661,0.6493972305266811,global_platt,0.005338078291814947,paxg_usdc_500,widens_gap,2026-04
0.3152909445590803,304,rolling_pool_held_out,0.5439538606904427,0.5472433343746532,global_platt,0.003289473684210526,paxg_usdc_500,widens_gap,2026-05
0.19254231891208284,210,rolling_pool_held_out,0.40106138375035144,0.41058519327416093,global_platt,0.009523809523809525,paxg_usdc_500,widens_gap,2026-06
0.19104211543514774,864,rolling_pool_held_out,0.16772848144921684,0.8560185077360175,global_platt,0.7847222222222222,weth_usdc_3000,closes_gap,2026-02
0.15586095515075207,618,rolling_pool_held_out,0.13580031674304963,0.7983933677689901,global_platt,0.8511326860841424,weth_usdc_3000,closes_gap,2026-03
0.10862829097663786,534,rolling_pool_held_out,0.09014353143255315,0.782953321050165,global_platt,0.8614232209737828,weth_usdc_3000,closes_gap,2026-04
0.06949726283874184,352,rolling_pool_held_out,0.05341160780126213,0.8212665319497501,global_platt,0.8579545454545454,weth_usdc_3000,closes_gap,2026-05
0.11342419247312963,584,rolling_pool_held_out,0.08977651277719434,0.8412939146873332,global_platt,0.815068493150685,weth_usdc_3000,closes_gap,2026-06
0.47479917078850314,800,rolling_pool_held_out,0.47505977352772477,0.05744022647227518,global_platt,0.5325,weth_usdc_3000,widens_gap,2026-02
0.5984844446383446,465,rolling_pool_held_out,0.6147651348633704,0.05835314470652196,global_platt,0.6731182795698925,weth_usdc_3000,widens_gap,2026-03
0.3964583273780864,331,rolling_pool_held_out,0.379685306556159,0.09765608317193766,global_platt,0.4773413897280967,weth_usdc_3000,widens_gap,2026-04
0.34519930319374337,298,rolling_pool_held_out,0.3415328351919315,0.01081615809665909,global_platt,0.3523489932885906,weth_usdc_3000,widens_gap,2026-05
0.38924315197550585,529,rolling_pool_held_out,0.3872949808699421,0.015351521965596669,global_platt,0.40264650283553877,weth_usdc_3000,widens_gap,2026-06
0.006953205614945265,44,rolling_pool_held_out,0.07932209241019814,0.920677907589802,identity,1.0,eurc_usdc_500,closes_gap,2026-02
0.05090551004414431,31,rolling_pool_held_out,0.21532387681391363,0.3779070483810904,identity,0.1935483870967742,eurc_usdc_500,closes_gap,2026-03
0.02551770641087269,32,rolling_pool_held_out,0.135921703786919,0.6703330425460635,identity,0.625,eurc_usdc_500,closes_gap,2026-04
0.037004656643021126,24,rolling_pool_held_out,0.1691095763673593,0.5906197298742485,identity,0.5,eurc_usdc_500,closes_gap,2026-05
0.03149916709618469,14,rolling_pool_held_out,0.1563496784119865,0.6771698005479861,identity,0.6428571428571429,eurc_usdc_500,closes_gap,2026-06
0.21309024092135775,92,rolling_pool_held_out,0.45427815904406765,0.45427815904406765,identity,0.0,eurc_usdc_500,widens_gap,2026-02
0.10543500186888324,47,rolling_pool_held_out,0.3144379927648643,0.3144379927648642,identity,0.0,eurc_usdc_500,widens_gap,2026-03
0.10511782184856051,32,rolling_pool_held_out,0.3149200883120814,0.31492008831208135,identity,0.0,eurc_usdc_500,widens_gap,2026-04
0.08876700347759649,43,rolling_pool_held_out,0.28801268612594577,0.28801268612594577,identity,0.0,eurc_usdc_500,widens_gap,2026-05
0.10244190012813537,37,rolling_pool_held_out,0.31420347493268563,0.3142034749326856,identity,0.0,eurc_usdc_500,widens_gap,2026-06
0.13016595596943428,1385,rolling_pool_held_out,0.05397037745213676,0.8169299225250556,identity,0.8534296028880867,paxg_usdc_500,closes_gap,2026-02
0.12949066000545298,994,rolling_pool_held_out,0.1405786124564405,0.8073939621538981,identity,0.8058350100603622,paxg_usdc_500,closes_gap,2026-03
0.06248195407697935,318,rolling_pool_held_out,0.09954400652588823,0.8265770206573253,identity,0.9213836477987422,paxg_usdc_500,closes_gap,2026-04
0.08427977416179196,192,rolling_pool_held_out,0.13322694449316513,0.8274409223521543,identity,0.8802083333333334,paxg_usdc_500,closes_gap,2026-05
0.08977923197389324,171,rolling_pool_held_out,0.06547426813106717,0.801000230743532,identity,0.8011695906432749,paxg_usdc_500,closes_gap,2026-06
0.2187125655293999,1609,rolling_pool_held_out,0.41091448937414926,0.4500692438800536,identity,0.03915475450590429,paxg_usdc_500,widens_gap,2026-02
0.17996499841665622,973,rolling_pool_held_out,0.32998550491377937,0.37931746791480714,identity,0.04933196300102775,paxg_usdc_500,widens_gap,2026-03
0.22501386168837542,562,rolling_pool_held_out,0.4563766654538225,0.45872155772671275,identity,0.005338078291814947,paxg_usdc_500,widens_gap,2026-04
0.22366115126778813,304,rolling_pool_held_out,0.45115878291830713,0.4544482566025177,identity,0.003289473684210526,paxg_usdc_500,widens_gap,2026-05
0.20998790393627173,210,rolling_pool_held_out,0.43036678861433997,0.43989059813814946,identity,0.009523809523809525,paxg_usdc_500,widens_gap,2026-06
0.1701601891044258,864,rolling_pool_held_out,0.0989904895014853,0.8286091682970423,identity,0.7847222222222222,weth_usdc_3000,closes_gap,2026-02
0.13352951000541205,618,rolling_pool_held_out,0.0970251136328293,0.8074000403462279,identity,0.8511326860841424,weth_usdc_3000,closes_gap,2026-03
0.09586818574366883,534,rolling_pool_held_out,0.06182099385607593,0.8139865624144772,identity,0.8614232209737828,weth_usdc_3000,closes_gap,2026-04
0.0626538883378433,352,rolling_pool_held_out,0.06864943962850271,0.7946879797223282,identity,0.8579545454545454,weth_usdc_3000,closes_gap,2026-05
0.1029850685074404,584,rolling_pool_held_out,0.04620706208738987,0.8228947803448144,identity,0.815068493150685,weth_usdc_3000,closes_gap,2026-06
0.29133927988758623,800,rolling_pool_held_out,0.21394221849237188,0.32505275638200004,identity,0.5325,weth_usdc_3000,widens_gap,2026-02
0.38801432201926245,465,rolling_pool_held_out,0.4056732796933683,0.26744499987652415,identity,0.6731182795698925,weth_usdc_3000,widens_gap,2026-03
0.31452179499677857,331,rolling_pool_held_out,0.24268885287837638,0.23465253684972032,identity,0.4773413897280967,weth_usdc_3000,widens_gap,2026-04
0.2495906515230109,298,rolling_pool_held_out,0.15019448692013376,0.2383614040289972,identity,0.3523489932885906,weth_usdc_3000,widens_gap,2026-05
0.27202797879930435,529,rolling_pool_held_out,0.19255241081711322,0.22578818784672508,identity,0.40264650283553877,weth_usdc_3000,widens_gap,2026-06
0.002685821406357492,44,rolling_pool_held_out,0.04912452049905987,0.9508754795009402,sign_offset,1.0,eurc_usdc_500,closes_gap,2026-02
0.0454939778252552,31,rolling_pool_held_out,0.20484914441466853,0.3651095480646444,sign_offset,0.1935483870967742,eurc_usdc_500,closes_gap,2026-03
0.026835073682947404,32,rolling_pool_held_out,0.13722285732251296,0.6754448634577355,sign_offset,0.625,eurc_usdc_500,closes_gap,2026-04
0.081938064757723,24,rolling_pool_held_out,0.2221756986394703,0.6796433453553706,sign_offset,0.5,eurc_usdc_500,closes_gap,2026-05
0.04994589038159256,14,rolling_pool_held_out,0.1700144771507199,0.7322777226278145,sign_offset,0.6428571428571429,eurc_usdc_500,closes_gap,2026-06
0.036996383442846184,92,rolling_pool_held_out,0.18627917799969546,0.18627917799969543,sign_offset,0.0,eurc_usdc_500,widens_gap,2026-02
0.03942989037198083,47,rolling_pool_held_out,0.19001363453899586,0.19001363453899586,sign_offset,0.0,eurc_usdc_500,widens_gap,2026-03
0.07949651207884562,32,rolling_pool_held_out,0.27304411225164166,0.27304411225164166,sign_offset,0.0,eurc_usdc_500,widens_gap,2026-04
0.0202901694440856,43,rolling_pool_held_out,0.13577960157443406,0.13577960157443406,sign_offset,0.0,eurc_usdc_500,widens_gap,2026-05
0.02643741643609494,37,rolling_pool_held_out,0.1582079903141807,0.15820799031418067,sign_offset,0.0,eurc_usdc_500,widens_gap,2026-06
0.12944492477680836,1385,rolling_pool_held_out,0.05530455392506762,0.8243083621027523,sign_offset,0.8534296028880867,paxg_usdc_500,closes_gap,2026-02
0.14071772616865535,994,rolling_pool_held_out,0.16921736309643218,0.7463697987300176,sign_offset,0.8058350100603622,paxg_usdc_500,closes_gap,2026-03
0.05675115040703011,318,rolling_pool_held_out,0.07037843632838438,0.8558535141158718,sign_offset,0.9213836477987422,paxg_usdc_500,closes_gap,2026-04
0.07931048677350669,192,rolling_pool_held_out,0.11011609945925262,0.8677664171534167,sign_offset,0.8802083333333334,paxg_usdc_500,closes_gap,2026-05
0.09194730643056095,171,rolling_pool_held_out,0.050080690135497416,0.8353302212977917,sign_offset,0.8011695906432749,paxg_usdc_500,closes_gap,2026-06
0.2671919027113171,1609,rolling_pool_held_out,0.46589615075441865,0.5050509052603229,sign_offset,0.03915475450590429,paxg_usdc_500,widens_gap,2026-02
0.24207561467961977,973,rolling_pool_held_out,0.4077148671884624,0.4570468301894901,sign_offset,0.04933196300102775,paxg_usdc_500,widens_gap,2026-03
0.4924785162817868,562,rolling_pool_held_out,0.6920583768875086,0.6950749971271096,sign_offset,0.005338078291814947,paxg_usdc_500,widens_gap,2026-04
0.31558170474211883,304,rolling_pool_held_out,0.5421046265342373,0.5453941002184479,sign_offset,0.003289473684210526,paxg_usdc_500,widens_gap,2026-05
0.1560625107538237,210,rolling_pool_held_out,0.3652819139831319,0.37480572350694147,sign_offset,0.009523809523809525,paxg_usdc_500,widens_gap,2026-06
0.17320509973291282,864,rolling_pool_held_out,0.1315168002008898,0.8965226865536864,sign_offset,0.7847222222222222,weth_usdc_3000,closes_gap,2026-02
0.1314026574637838,618,rolling_pool_held_out,0.09495050779222872,0.8188314501840632,sign_offset,0.8511326860841424,weth_usdc_3000,closes_gap,2026-03
0.09665589237609543,534,rolling_pool_held_out,0.05181511995082778,0.809608101022955,sign_offset,0.8614232209737828,weth_usdc_3000,closes_gap,2026-04
0.059153717947578975,352,rolling_pool_held_out,0.02608017427282942,0.8623699067202708,sign_offset,0.8579545454545454,weth_usdc_3000,closes_gap,2026-05
0.10322563862138834,584,rolling_pool_held_out,0.0456028122983625,0.8530730456577211,sign_offset,0.815068493150685,weth_usdc_3000,closes_gap,2026-06
0.5029118955291069,800,rolling_pool_held_out,0.5059603047653057,0.026539695234694283,sign_offset,0.5325,weth_usdc_3000,widens_gap,2026-02
0.6266017851343113,465,rolling_pool_held_out,0.6382372701775068,0.03488100939238565,sign_offset,0.6731182795698925,weth_usdc_3000,widens_gap,2026-03
0.43078358866126437,331,rolling_pool_held_out,0.4251488096012856,0.052192580126811085,sign_offset,0.4773413897280967,weth_usdc_3000,widens_gap,2026-04
0.3496285431289884,298,rolling_pool_held_out,0.3483769202086979,0.003972073079892642,sign_offset,0.3523489932885906,weth_usdc_3000,widens_gap,2026-05
0.4002895401643893,529,rolling_pool_held_out,0.3998204329525015,0.0028260698830372224,sign_offset,0.40264650283553877,weth_usdc_3000,widens_gap,2026-06
0.005464351483766299,44,rolling_pool_held_out,0.07222984614752319,0.9277701538524767,sign_platt,1.0,eurc_usdc_500,closes_gap,2026-02
0.30711298668793974,31,rolling_pool_held_out,0.5211357948283967,0.6618033732902853,sign_platt,0.1935483870967742,eurc_usdc_500,closes_gap,2026-03
0.08557483546586159,32,rolling_pool_held_out,0.23721001730921362,0.7307528638501808,sign_platt,0.625,eurc_usdc_500,closes_gap,2026-04
0.08877802393225698,24,rolling_pool_held_out,0.23144901589532452,0.6868632725150424,sign_platt,0.5,eurc_usdc_500,closes_gap,2026-05
0.023813449458064052,14,rolling_pool_held_out,0.11818460741972436,0.7025478477223019,sign_platt,0.6428571428571429,eurc_usdc_500,closes_gap,2026-06
0.06726545701577129,92,rolling_pool_held_out,0.25935585016684515,0.25935585016684515,sign_platt,0.0,eurc_usdc_500,widens_gap,2026-02
0.04011208709857384,47,rolling_pool_held_out,0.1972166626793002,0.1972166626793002,sign_platt,0.0,eurc_usdc_500,widens_gap,2026-03
0.0788023957119814,32,rolling_pool_held_out,0.2727571932884461,0.2727571932884461,sign_platt,0.0,eurc_usdc_500,widens_gap,2026-04
0.056250592176107526,43,rolling_pool_held_out,0.2371720729261817,0.2371720729261817,sign_platt,0.0,eurc_usdc_500,widens_gap,2026-05
0.02881278812164153,37,rolling_pool_held_out,0.16916108424296683,0.16916108424296683,sign_platt,0.0,eurc_usdc_500,widens_gap,2026-06
0.12827486964694307,1385,rolling_pool_held_out,0.04960917140805105,0.8165040017491582,sign_platt,0.8534296028880867,paxg_usdc_500,closes_gap,2026-02
0.13847951721632404,994,rolling_pool_held_out,0.1558972948603867,0.7703196229787257,sign_platt,0.8058350100603622,paxg_usdc_500,closes_gap,2026-03
0.06177395078079121,318,rolling_pool_held_out,0.10253566519082925,0.8389061405179716,sign_platt,0.9213836477987422,paxg_usdc_500,closes_gap,2026-04
0.08038604060348119,192,rolling_pool_held_out,0.11417664819790985,0.8647918656652799,sign_platt,0.8802083333333334,paxg_usdc_500,closes_gap,2026-05
0.08479664710306777,171,rolling_pool_held_out,0.07033379428103291,0.8494314071401153,sign_platt,0.8011695906432749,paxg_usdc_500,closes_gap,2026-06
0.21422829704649346,1609,rolling_pool_held_out,0.41640950879686817,0.4555642633027725,sign_platt,0.03915475450590429,paxg_usdc_500,widens_gap,2026-02
0.22497808063381433,973,rolling_pool_held_out,0.4130414196831889,0.4623733826842167,sign_platt,0.04933196300102775,paxg_usdc_500,widens_gap,2026-03
0.4354188117757339,562,rolling_pool_held_out,0.6543005725140016,0.6577299718222354,sign_platt,0.005338078291814947,paxg_usdc_500,widens_gap,2026-04
0.224839671209091,304,rolling_pool_held_out,0.46774568679254697,0.4710351604767575,sign_platt,0.003289473684210526,paxg_usdc_500,widens_gap,2026-05
0.09877982581882967,210,rolling_pool_held_out,0.29874407861961305,0.3082678881434226,sign_platt,0.009523809523809525,paxg_usdc_500,widens_gap,2026-06
0.17297330859639504,864,rolling_pool_held_out,0.12846451969261943,0.9131867419148415,sign_platt,0.7847222222222222,weth_usdc_3000,closes_gap,2026-02
0.11611436200571812,618,rolling_pool_held_out,0.04119654673658919,0.8567755024236268,sign_platt,0.8511326860841424,weth_usdc_3000,closes_gap,2026-03
0.09154685005082956,534,rolling_pool_held_out,0.053735603166041195,0.8076876178077416,sign_platt,0.8614232209737828,weth_usdc_3000,closes_gap,2026-04
0.059910873404330676,352,rolling_pool_held_out,0.02569864781996235,0.8474970483295675,sign_platt,0.8579545454545454,weth_usdc_3000,closes_gap,2026-05
0.10491655395481346,584,rolling_pool_held_out,0.05752587636828397,0.8522641787633134,sign_platt,0.815068493150685,weth_usdc_3000,closes_gap,2026-06
0.4095617674476717,800,rolling_pool_held_out,0.4007717928777823,0.13172820712221767,sign_platt,0.5325,weth_usdc_3000,widens_gap,2026-02
0.6074432449917704,465,rolling_pool_held_out,0.6224252452264722,0.05069303434342026,sign_platt,0.6731182795698925,weth_usdc_3000,widens_gap,2026-03
0.4303167273986542,331,rolling_pool_held_out,0.42484297794225817,0.052498411785838514,sign_platt,0.4773413897280967,weth_usdc_3000,widens_gap,2026-04
0.3394032910524125,298,rolling_pool_held_out,0.3334728032297778,0.018876190058812786,sign_platt,0.3523489932885906,weth_usdc_3000,widens_gap,2026-05
0.4001688643450787,529,rolling_pool_held_out,0.39957466505722905,0.003071837778309716,sign_platt,0.40264650283553877,weth_usdc_3000,widens_gap,2026-06
