window_id,window_family,pool,regime,declared_regime,realized_vol_annualised_pct,prefix_swap_count,old_lp_uplift_vs_hook_quote,new_lp_uplift_vs_hook_quote,delta_lp_uplift_vs_hook_quote,old_trigger_rate,new_trigger_rate,delta_trigger_rate,old_fill_rate,new_fill_rate,old_failclosed_rate,new_failclosed_rate
dai_usdc_100_normal_4h_p01,dai_usdc_100_normal_4h,0x5777d92f208679db4b9778590fa3cab3ac9e2168,,normal,,8,-2.730446344950406,-4.736951571734001e-15,2.7304463449504013,0.125,0.0,-0.125,0.6666666666666666,0.0,0.3333333333333333,0.0
dai_usdc_100_normal_4h_p02,dai_usdc_100_normal_4h,0x5777d92f208679db4b9778590fa3cab3ac9e2168,,normal,,10,-2.7304463449504084,-4.736951571734001e-15,2.7304463449504035,0.10000000000000002,0.0,-0.10000000000000002,0.6666666666666666,0.0,0.3333333333333333,0.0
dai_usdc_100_normal_4h_p03,dai_usdc_100_normal_4h,0x5777d92f208679db4b9778590fa3cab3ac9e2168,normal,normal,1.3356055060188323,12,-2.7304463449504084,-4.736951571734001e-15,2.7304463449504035,0.08333333333333333,0.0,-0.08333333333333333,0.6666666666666666,0.0,0.3333333333333333,0.0
dai_usdc_100_normal_4h_p04,dai_usdc_100_normal_4h,0x5777d92f208679db4b9778590fa3cab3ac9e2168,normal,normal,1.3356055060188323,14,-7.459454174684542,-4.736951571734001e-15,7.459454174684538,0.16666666666666666,0.0,-0.16666666666666666,0.8888888888888888,0.0,0.1111111111111111,0.0
link_weth_3000_normal_500block_p01,link_weth_3000_normal_500block,0xa6cc3c2531fdaa6ae1a3ca84c2855806728693e8,normal,normal,15.057470834924299,4,0.0,0.0,0.0,0.0,0.0,0.0,0.0,0.0,0.0,0.0
link_weth_3000_normal_500block_p02,link_weth_3000_normal_500block,0xa6cc3c2531fdaa6ae1a3ca84c2855806728693e8,normal,normal,69.30026745081057,7,1.734723475976807e-18,1.734723475976807e-18,0.0,0.0,0.0,0.0,0.0,0.0,0.0,0.0
link_weth_3000_normal_500block_p03,link_weth_3000_normal_500block,0xa6cc3c2531fdaa6ae1a3ca84c2855806728693e8,normal,normal,69.30026745081057,10,0.0,0.0,0.0,0.0,0.0,0.0,0.0,0.0,0.0,0.0
link_weth_3000_stress_500block_p01,link_weth_3000_stress_500block,0xa6cc3c2531fdaa6ae1a3ca84c2855806728693e8,,stress,,4,0.0,0.0,0.0,0.0,0.0,0.0,0.0,0.0,0.0,0.0
link_weth_3000_stress_500block_p02,link_weth_3000_stress_500block,0xa6cc3c2531fdaa6ae1a3ca84c2855806728693e8,,stress,,10,0.0,0.0,0.0,0.0,0.0,0.0,0.0,0.0,0.0,0.0
link_weth_3000_stress_500block_p03,link_weth_3000_stress_500block,0xa6cc3c2531fdaa6ae1a3ca84c2855806728693e8,,stress,,16,0.0,0.0,0.0,0.0,0.0,0.0,0.0,0.0,0.0,0.0
uni_weth_3000_normal_500block_p01,uni_weth_3000_normal_500block,0x1d42064fc4beb5f8aaf85f4617ae8b3b5b8bd801,,normal,,4,0.0,0.0,0.0,0.0,0.0,0.0,0.0,0.0,0.0,0.0
uni_weth_3000_normal_500block_p02,uni_weth_3000_normal_500block,0x1d42064fc4beb5f8aaf85f4617ae8b3b5b8bd801,,normal,,11,0.0,0.0,0.0,0.0,0.0,0.0,0.0,0.0,0.0,0.0
uni_weth_3000_normal_500block_p03,uni_weth_3000_normal_500block,0x1d42064fc4beb5f8aaf85f4617ae8b3b5b8bd801,normal,normal,44.80427300535872,18,8.673617379884035e-19,8.673617379884035e-19,0.0,0.0,0.0,0.0,0.0,0.0,0.0,0.0
uni_weth_3000_stress_500block_p01,uni_weth_3000_stress_500block,0x1d42064fc4beb5f8aaf85f4617ae8b3b5b8bd801,normal,stress,49.64027089008926,3,0.0,0.0,0.0,0.0,0.0,0.0,0.0,0.0,0.0,0.0
wbtc_usdc_500_normal_4h_p01,wbtc_usdc_500_normal_4h,0x9a772018fbd77fcd2d25657e5c547baff3fd7d16,,normal,,24,1.259531413923423,1.9751892035436753,0.7156577896202523,0.35416666666666663,0.17708333333333331,-0.17708333333333331,1.0,1.0,0.0,0.0
wbtc_usdc_500_normal_4h_p02,wbtc_usdc_500_normal_4h,0x9a772018fbd77fcd2d25657e5c547baff3fd7d16,,normal,,59,4.734748336185526,5.892036975466084,1.1572886392805577,0.2838983050847458,0.1694915254237288,-0.11440677966101698,0.9807692307692308,0.9642857142857143,0.019230769230769232,0.03571428571428571
wbtc_usdc_500_normal_4h_p03,wbtc_usdc_500_normal_4h,0x9a772018fbd77fcd2d25657e5c547baff3fd7d16,normal,normal,16.442951175854617,95,9.504400365791076,11.407728588732667,1.9033282229415907,0.32894736842105265,0.20789473684210524,-0.12105263157894741,0.9807971014492753,0.9833333333333334,0.019202898550724636,0.016666666666666666
wbtc_usdc_500_normal_4h_p04,wbtc_usdc_500_normal_4h,0x9a772018fbd77fcd2d25657e5c547baff3fd7d16,normal,normal,38.682379106746154,130,11.28861877337754,13.75713550379254,2.4685167304150006,0.34615384615384615,0.225,-0.12115384615384614,0.9862351190476191,0.9875,0.013764880952380952,0.0125
wbtc_usdc_500_normal_4h_p05,wbtc_usdc_500_normal_4h,0x9a772018fbd77fcd2d25657e5c547baff3fd7d16,normal,normal,35.4481690753826,166,12.733623740540574,15.85774835390905,3.124124613368476,0.31736526946107785,0.20059880239520958,-0.11676646706586827,0.9891098484848485,0.99,0.010890151515151516,0.01
wbtc_usdc_500_normal_4h_p06,wbtc_usdc_500_normal_4h,0x9a772018fbd77fcd2d25657e5c547baff3fd7d16,normal,normal,32.78432464398712,201,13.489088437994283,17.410081508311702,3.9209930703174187,0.3333333333333333,0.20149253731343283,-0.13184079601990048,0.9916573971078977,0.9921875,0.008342602892102336,0.0078125
wbtc_usdc_500_stress_2h_p01,wbtc_usdc_500_stress_2h,0x9a772018fbd77fcd2d25657e5c547baff3fd7d16,,stress,,12,-0.4813616845892548,0.10267552320664841,0.5840372077959033,0.2916666666666667,0.125,-0.16666666666666669,1.0,1.0,0.0,0.0
wbtc_usdc_500_stress_2h_p02,wbtc_usdc_500_stress_2h,0x9a772018fbd77fcd2d25657e5c547baff3fd7d16,normal,stress,26.81732089384234,41,-3.3501559039736835,1.4139591473675224,4.764115051341205,0.4085365853658537,0.14634146341463414,-0.2621951219512195,0.9722222222222222,0.8571428571428572,0.027777777777777776,0.14285714285714285
wbtc_usdc_500_stress_2h_p03,wbtc_usdc_500_stress_2h,0x9a772018fbd77fcd2d25657e5c547baff3fd7d16,normal,stress,19.01626898664261,71,-6.043806103083989,1.609816875197017,7.653622978281007,0.3541666666666667,0.10416666666666666,-0.25,0.9711538461538461,0.8571428571428572,0.028846153846153848,0.14285714285714285
wbtc_usdc_500_stress_2h_p04,wbtc_usdc_500_stress_2h,0x9a772018fbd77fcd2d25657e5c547baff3fd7d16,normal,stress,19.01626898664261,100,-8.310639859855865,2.9803063251598316,11.290946185015697,0.3725,0.1,-0.27249999999999996,0.9779411764705882,0.9166666666666667,0.022058823529411766,0.08333333333333333
wbtc_weth_500_normal_4h_p01,wbtc_weth_500_normal_4h,0x4585fe77225b41b697c938b018e2ac67ac5a20c0,,normal,,30,0.0,0.0,0.0,0.0,0.0,0.0,0.0,0.0,0.0,0.0
wbtc_weth_500_normal_4h_p02,wbtc_weth_500_normal_4h,0x4585fe77225b41b697c938b018e2ac67ac5a20c0,,normal,,80,6.938893903907228e-18,6.938893903907228e-18,0.0,0.0,0.0,0.0,0.0,0.0,0.0,0.0
wbtc_weth_500_normal_4h_p03,wbtc_weth_500_normal_4h,0x4585fe77225b41b697c938b018e2ac67ac5a20c0,normal,normal,42.80912973226958,131,4.336808689942018e-19,4.336808689942018e-19,0.0,0.0,0.0,0.0,0.0,0.0,0.0,0.0
wbtc_weth_500_normal_4h_p04,wbtc_weth_500_normal_4h,0x4585fe77225b41b697c938b018e2ac67ac5a20c0,normal,normal,61.773103883353585,181,-2.667137344314341e-17,-2.667137344314341e-17,0.0,0.0,0.0,0.0,0.0,0.0,0.0,0.0
wbtc_weth_500_normal_4h_p05,wbtc_weth_500_normal_4h,0x4585fe77225b41b697c938b018e2ac67ac5a20c0,normal,normal,60.57720282580363,232,-1.0408340855860843e-17,-1.0408340855860843e-17,0.0,0.0,0.0,0.0,0.0,0.0,0.0,0.0
wbtc_weth_500_normal_4h_p06,wbtc_weth_500_normal_4h,0x4585fe77225b41b697c938b018e2ac67ac5a20c0,normal,normal,54.57746643249227,282,-8.326672684688674e-17,-8.326672684688674e-17,0.0,0.0,0.0,0.0,0.0,0.0,0.0,0.0
weth_usdc_3000_normal_4h_p01,weth_usdc_3000_normal_4h,0x8ad599c3a0ff1de082011efddc58f1908eb6e6d8,,normal,,12,-2.168404344971009e-19,-2.168404344971009e-19,0.0,0.0,0.0,0.0,0.0,0.0,0.0,0.0
weth_usdc_3000_normal_4h_p02,weth_usdc_3000_normal_4h,0x8ad599c3a0ff1de082011efddc58f1908eb6e6d8,normal,normal,15.100358661885826,32,3.469446951953614e-18,3.469446951953614e-18,0.0,0.0,0.0,0.0,0.0,0.0,0.0,0.0
weth_usdc_3000_normal_4h_p03,weth_usdc_3000_normal_4h,0x8ad599c3a0ff1de082011efddc58f1908eb6e6d8,normal,normal,52.445561500027274,52,1.3877787807814457e-17,1.3877787807814457e-17,0.0,0.0,0.0,0.0,0.0,0.0,0.0,0.0
weth_usdc_3000_normal_4h_p04,weth_usdc_3000_normal_4h,0x8ad599c3a0ff1de082011efddc58f1908eb6e6d8,normal,normal,51.61142835259878,73,0.0,0.0,0.0,0.0,0.0,0.0,0.0,0.0,0.0,0.0
weth_usdc_3000_normal_4h_p05,weth_usdc_3000_normal_4h,0x8ad599c3a0ff1de082011efddc58f1908eb6e6d8,normal,normal,51.61142835259878,93,1.0408340855860843e-17,1.0408340855860843e-17,0.0,0.0,0.0,0.0,0.0,0.0,0.0,0.0
weth_usdc_3000_normal_4h_p06,weth_usdc_3000_normal_4h,0x8ad599c3a0ff1de082011efddc58f1908eb6e6d8,normal,normal,51.61142835259878,113,1.0408340855860843e-17,1.0408340855860843e-17,0.0,0.0,0.0,0.0,0.0,0.0,0.0,0.0
weth_usdc_3000_stress_2h_p01,weth_usdc_3000_stress_2h,0x8ad599c3a0ff1de082011efddc58f1908eb6e6d8,,stress,,12,-1.3552527156068805e-20,-1.3552527156068805e-20,0.0,0.0,0.0,0.0,0.0,0.0,0.0,0.0
weth_usdc_3000_stress_2h_p02,weth_usdc_3000_stress_2h,0x8ad599c3a0ff1de082011efddc58f1908eb6e6d8,normal,stress,2.474527554243495,25,1.3010426069826053e-18,1.3010426069826053e-18,0.0,0.0,0.0,0.0,0.0,0.0,0.0,0.0
weth_usdc_3000_stress_2h_p03,weth_usdc_3000_stress_2h,0x8ad599c3a0ff1de082011efddc58f1908eb6e6d8,normal,stress,25.024456670369062,38,6.938893903907228e-18,6.938893903907228e-18,0.0,0.0,0.0,0.0,0.0,0.0,0.0,0.0
weth_usdc_3000_stress_2h_p04,weth_usdc_3000_stress_2h,0x8ad599c3a0ff1de082011efddc58f1908eb6e6d8,normal,stress,25.024456670369062,51,8.673617379884035e-18,8.673617379884035e-18,0.0,0.0,0.0,0.0,0.0,0.0,0.0,0.0
weth_usdc_3000_stress_6h_p01,weth_usdc_3000_stress_6h,0x8ad599c3a0ff1de082011efddc58f1908eb6e6d8,normal,stress,2.474527554243495,18,0.0,0.0,0.0,0.0,0.0,0.0,0.0,0.0,0.0,0.0
weth_usdc_3000_stress_6h_p02,weth_usdc_3000_stress_6h,0x8ad599c3a0ff1de082011efddc58f1908eb6e6d8,normal,stress,25.024456670369062,45,8.673617379884035e-18,8.673617379884035e-18,0.0,0.0,0.0,0.0,0.0,0.0,0.0,0.0
weth_usdc_3000_stress_6h_p03,weth_usdc_3000_stress_6h,0x8ad599c3a0ff1de082011efddc58f1908eb6e6d8,normal,stress,31.843359525920285,73,1.3877787807814457e-17,1.3877787807814457e-17,0.0,0.0,0.0,0.0,0.0,0.0,0.0,0.0
weth_usdc_3000_stress_6h_p04,weth_usdc_3000_stress_6h,0x8ad599c3a0ff1de082011efddc58f1908eb6e6d8,normal,stress,42.861152580227326,100,1.3877787807814457e-17,1.3877787807814457e-17,0.0,0.0,0.0,0.0,0.0,0.0,0.0,0.0
weth_usdc_3000_stress_6h_p05,weth_usdc_3000_stress_6h,0x8ad599c3a0ff1de082011efddc58f1908eb6e6d8,normal,stress,40.1782960203091,128,0.0,0.0,0.0,0.0,0.0,0.0,0.0,0.0,0.0,0.0
weth_usdc_3000_stress_6h_p06,weth_usdc_3000_stress_6h,0x8ad599c3a0ff1de082011efddc58f1908eb6e6d8,normal,stress,41.50052717375139,155,-6.938893903907228e-17,-6.938893903907228e-17,0.0,0.0,0.0,0.0,0.0,0.0,0.0,0.0
weth_usdc_500_normal_4h_p01,weth_usdc_500_normal_4h,0x88e6a0c2ddd26feeb64f039a2c41296fcb3f5640,,normal,,60,-2.7755575615628914e-17,-2.7755575615628914e-17,0.0,0.0,0.0,0.0,0.0,0.0,0.0,0.0
weth_usdc_500_normal_4h_p02,weth_usdc_500_normal_4h,0x88e6a0c2ddd26feeb64f039a2c41296fcb3f5640,,normal,,190,-1.1102230246251565e-16,-1.1102230246251565e-16,0.0,0.0,0.0,0.0,0.0,0.0,0.0,0.0
weth_usdc_500_normal_4h_p03,weth_usdc_500_normal_4h,0x88e6a0c2ddd26feeb64f039a2c41296fcb3f5640,normal,normal,15.100358661885826,319,-1.1102230246251565e-16,-1.1102230246251565e-16,0.0,0.0,0.0,0.0,0.0,0.0,0.0,0.0
weth_usdc_500_normal_4h_p04,weth_usdc_500_normal_4h,0x88e6a0c2ddd26feeb64f039a2c41296fcb3f5640,normal,normal,44.79719778766866,449,0.0632231975174212,0.09942047021188291,0.03619727269446171,0.0016629711751662971,0.0005543237250554324,-0.0011086474501108647,1.0,1.0,0.0,0.0
weth_usdc_500_normal_4h_p05,weth_usdc_500_normal_4h,0x88e6a0c2ddd26feeb64f039a2c41296fcb3f5640,normal,normal,52.445561500027274,578,0.06322319751742059,0.0994204702118823,0.03619727269446171,0.0012975778546712802,0.00043252595155709344,-0.0008650519031141868,1.0,1.0,0.0,0.0
weth_usdc_500_normal_4h_p06,weth_usdc_500_normal_4h,0x88e6a0c2ddd26feeb64f039a2c41296fcb3f5640,normal,normal,52.445561500027274,708,0.06322319751741995,0.09942047021188177,0.036197272694461824,0.0010563380281690142,0.00035211267605633805,-0.0007042253521126762,1.0,1.0,0.0,0.0
weth_usdc_500_normal_4h_p07,weth_usdc_500_normal_4h,0x88e6a0c2ddd26feeb64f039a2c41296fcb3f5640,normal,normal,51.61142835259878,837,0.06322319751742045,0.09942047021188216,0.03619727269446171,0.0008949880668257757,0.0002983293556085919,-0.0005966587112171838,1.0,1.0,0.0,0.0
weth_usdc_500_normal_4h_p08,weth_usdc_500_normal_4h,0x88e6a0c2ddd26feeb64f039a2c41296fcb3f5640,normal,normal,51.61142835259878,967,0.06322319751742045,0.09942047021188216,0.03619727269446171,0.0007755946225439504,0.0002585315408479835,-0.000517063081695967,1.0,1.0,0.0,0.0
