window_id,pool,declared_regime,measured_regime,realized_vol_annualised_pct,regime_stress_threshold_pct,dutch_auction_lp_net_vs_hook_quote,dutch_auction_lp_net_vs_fixed_fee_quote,dutch_auction_trigger_rate,dutch_auction_fill_rate
link_weth_3000_month_23479243_23486442_w01,0xa6cc3c2531fdaa6ae1a3ca84c2855806728693e8,stress,normal,83.16834799182601,100.0,-6.661338147750939e-16,1.8868504701394424,0.0,
link_weth_3000_month_23486443_23493642_w02,0xa6cc3c2531fdaa6ae1a3ca84c2855806728693e8,stress,normal,73.37052699465076,100.0,2.220446049250313e-16,1.883716962325758,0.0,
link_weth_3000_month_23493643_23500842_w03,0xa6cc3c2531fdaa6ae1a3ca84c2855806728693e8,stress,normal,85.45274341761014,100.0,-1.1102230246251565e-16,1.0610149013976395,0.0,
link_weth_3000_month_23500843_23508042_w04,0xa6cc3c2531fdaa6ae1a3ca84c2855806728693e8,stress,normal,47.00721974583141,100.0,0.0,0.5571527942204829,0.0,
link_weth_3000_month_23508043_23515242_w05,0xa6cc3c2531fdaa6ae1a3ca84c2855806728693e8,stress,normal,77.02578479346985,100.0,2.7755575615628914e-16,1.1382968270960452,0.0,
link_weth_3000_month_23515243_23522442_w06,0xa6cc3c2531fdaa6ae1a3ca84c2855806728693e8,stress,normal,79.02183003020382,100.0,0.0,1.9945406128493843,0.0,
link_weth_3000_month_23522443_23529642_w07,0xa6cc3c2531fdaa6ae1a3ca84c2855806728693e8,stress,normal,92.82245264696184,100.0,2.220446049250313e-16,1.9651750045486287,0.0,
link_weth_3000_month_23529643_23536842_w08,0xa6cc3c2531fdaa6ae1a3ca84c2855806728693e8,stress,normal,79.19372243147996,100.0,-5.551115123125783e-17,0.7210002050620754,0.0,
link_weth_3000_month_23536843_23544042_w09,0xa6cc3c2531fdaa6ae1a3ca84c2855806728693e8,stress,normal,84.03581042164384,100.0,-5.551115123125783e-16,2.2968890699393096,0.0,
link_weth_3000_month_23544043_23551242_w10,0xa6cc3c2531fdaa6ae1a3ca84c2855806728693e8,stress,stress,683.7703897574391,100.0,49.969988229069145,445.7464591623621,0.038039502560351136,1.0
link_weth_3000_month_23551243_23558442_w11,0xa6cc3c2531fdaa6ae1a3ca84c2855806728693e8,stress,stress,156.7194912855877,100.0,1.1102230246251565e-16,2.7795785849167536,0.0,
link_weth_3000_month_23558443_23565642_w12,0xa6cc3c2531fdaa6ae1a3ca84c2855806728693e8,stress,stress,145.97111381401854,100.0,2.220446049250313e-16,2.8586828625373597,0.0,
link_weth_3000_month_23565643_23572842_w13,0xa6cc3c2531fdaa6ae1a3ca84c2855806728693e8,stress,stress,129.24613811558757,100.0,3.885780586188048e-16,1.2565415984998614,0.0,
link_weth_3000_month_23572843_23580042_w14,0xa6cc3c2531fdaa6ae1a3ca84c2855806728693e8,stress,stress,148.10808722311168,100.0,-3.3306690738754696e-16,4.174063789174754,0.0,
link_weth_3000_month_23580043_23587242_w15,0xa6cc3c2531fdaa6ae1a3ca84c2855806728693e8,stress,stress,121.2283725972698,100.0,8.326672684688674e-17,0.831183987519536,0.0,
link_weth_3000_month_23587243_23594442_w16,0xa6cc3c2531fdaa6ae1a3ca84c2855806728693e8,stress,stress,119.09033168777212,100.0,1.1102230246251565e-16,1.9152032493327125,0.0,
link_weth_3000_month_23594443_23601642_w17,0xa6cc3c2531fdaa6ae1a3ca84c2855806728693e8,stress,stress,144.20651063469532,100.0,0.0,3.461519504917888,0.0,
link_weth_3000_month_23601643_23608842_w18,0xa6cc3c2531fdaa6ae1a3ca84c2855806728693e8,stress,normal,69.44713011914071,100.0,1.1102230246251565e-16,0.5497895266840093,0.0,
link_weth_3000_month_23608843_23616042_w19,0xa6cc3c2531fdaa6ae1a3ca84c2855806728693e8,stress,stress,101.95943525359657,100.0,2.7755575615628914e-17,0.8780929660340644,0.0,
link_weth_3000_month_23616043_23623242_w20,0xa6cc3c2531fdaa6ae1a3ca84c2855806728693e8,stress,stress,109.47876955327189,100.0,-3.3306690738754696e-16,2.941770292006606,0.0,
link_weth_3000_month_23623243_23630442_w21,0xa6cc3c2531fdaa6ae1a3ca84c2855806728693e8,stress,stress,125.6769235111306,100.0,-3.552713678800501e-15,4.752917895383861,0.0,
link_weth_3000_month_23630443_23637642_w22,0xa6cc3c2531fdaa6ae1a3ca84c2855806728693e8,stress,stress,110.7247437407321,100.0,0.0,1.2848113773632366,0.0,
link_weth_3000_month_23637643_23644842_w23,0xa6cc3c2531fdaa6ae1a3ca84c2855806728693e8,stress,normal,84.70503867783079,100.0,-1.1102230246251565e-16,1.401724261912545,0.0,
link_weth_3000_month_23644843_23652042_w24,0xa6cc3c2531fdaa6ae1a3ca84c2855806728693e8,stress,normal,79.85653874706543,100.0,0.0,0.7388375489074642,0.0,
link_weth_3000_month_23652043_23659242_w25,0xa6cc3c2531fdaa6ae1a3ca84c2855806728693e8,stress,normal,47.30385406810325,100.0,2.7755575615628914e-17,0.5498849413820677,0.0,
link_weth_3000_month_23659243_23666442_w26,0xa6cc3c2531fdaa6ae1a3ca84c2855806728693e8,stress,normal,80.14394695132744,100.0,-1.1102230246251565e-16,0.5960621454201253,0.0,
link_weth_3000_month_23666443_23673642_w27,0xa6cc3c2531fdaa6ae1a3ca84c2855806728693e8,stress,normal,87.62979745349516,100.0,-1.1102230246251565e-16,1.2144431317493631,0.0,
link_weth_3000_month_23673643_23680842_w28,0xa6cc3c2531fdaa6ae1a3ca84c2855806728693e8,stress,normal,99.8423257113623,100.0,0.0,1.5889374164600987,0.0,
link_weth_3000_month_23680843_23688042_w29,0xa6cc3c2531fdaa6ae1a3ca84c2855806728693e8,stress,stress,118.4026552274833,100.0,-1.1102230246251565e-16,1.8094468579430492,0.0,
link_weth_3000_month_23688043_23695242_w30,0xa6cc3c2531fdaa6ae1a3ca84c2855806728693e8,stress,stress,112.10313344495708,100.0,4.440892098500626e-16,2.604193160465268,0.0,
link_weth_3000_month_23695243_23700766_w31,0xa6cc3c2531fdaa6ae1a3ca84c2855806728693e8,stress,normal,93.72881351348718,100.0,0.0,0.8034069600569824,0.0,
uni_weth_3000_month_23479243_23486442_w01,0x1d42064fc4beb5f8aaf85f4617ae8b3b5b8bd801,stress,normal,81.37721139006486,100.0,0.0,0.3519705916823398,0.0,
uni_weth_3000_month_23486443_23493642_w02,0x1d42064fc4beb5f8aaf85f4617ae8b3b5b8bd801,stress,normal,87.97062869876842,100.0,0.0,0.21510265044899335,0.0,
uni_weth_3000_month_23493643_23500842_w03,0x1d42064fc4beb5f8aaf85f4617ae8b3b5b8bd801,stress,normal,95.68500381778891,100.0,-1.0408340855860843e-17,0.11904558705648169,0.0,
uni_weth_3000_month_23500843_23508042_w04,0x1d42064fc4beb5f8aaf85f4617ae8b3b5b8bd801,stress,normal,45.19872881459893,100.0,2.6020852139652106e-18,0.025993224446992008,0.0,
uni_weth_3000_month_23508043_23515242_w05,0x1d42064fc4beb5f8aaf85f4617ae8b3b5b8bd801,stress,normal,83.43237253941538,100.0,1.0408340855860843e-17,0.07704815866553451,0.0,
uni_weth_3000_month_23515243_23522442_w06,0x1d42064fc4beb5f8aaf85f4617ae8b3b5b8bd801,stress,normal,76.0567632019509,100.0,0.0,0.08771191574218178,0.0,
uni_weth_3000_month_23522443_23529642_w07,0x1d42064fc4beb5f8aaf85f4617ae8b3b5b8bd801,stress,normal,96.32654179090159,100.0,0.0,0.4178918022083004,0.0,
uni_weth_3000_month_23529643_23536842_w08,0x1d42064fc4beb5f8aaf85f4617ae8b3b5b8bd801,stress,normal,75.14422447564311,100.0,3.469446951953614e-18,0.08290517668704034,0.0,
uni_weth_3000_month_23536843_23544042_w09,0x1d42064fc4beb5f8aaf85f4617ae8b3b5b8bd801,stress,normal,83.03772031710926,100.0,-1.734723475976807e-18,0.05805126227774166,0.0,
uni_weth_3000_month_23544043_23551242_w10,0x1d42064fc4beb5f8aaf85f4617ae8b3b5b8bd801,stress,stress,776.0560108849252,100.0,7.2586469719365745,79.96590694663223,0.0228310502283105,1.0
uni_weth_3000_month_23551243_23558442_w11,0x1d42064fc4beb5f8aaf85f4617ae8b3b5b8bd801,stress,stress,157.06716148362005,100.0,-2.7755575615628914e-17,0.40657356096528274,0.0,
uni_weth_3000_month_23558443_23565642_w12,0x1d42064fc4beb5f8aaf85f4617ae8b3b5b8bd801,stress,stress,145.5367040511039,100.0,-2.0816681711721685e-17,0.17458751389523275,0.0,
uni_weth_3000_month_23565643_23572842_w13,0x1d42064fc4beb5f8aaf85f4617ae8b3b5b8bd801,stress,stress,115.92969452634603,100.0,-3.469446951953614e-18,0.14519748449715553,0.0,
uni_weth_3000_month_23572843_23580042_w14,0x1d42064fc4beb5f8aaf85f4617ae8b3b5b8bd801,stress,stress,162.54595228911182,100.0,6.938893903907228e-18,0.1026208608434308,0.0,
uni_weth_3000_month_23580043_23587242_w15,0x1d42064fc4beb5f8aaf85f4617ae8b3b5b8bd801,stress,stress,121.81749266232318,100.0,-3.469446951953614e-18,0.09037566699362341,0.0,
uni_weth_3000_month_23587243_23594442_w16,0x1d42064fc4beb5f8aaf85f4617ae8b3b5b8bd801,stress,stress,117.3178433596636,100.0,-6.938893903907228e-18,0.09550304463004661,0.0,
uni_weth_3000_month_23594443_23601642_w17,0x1d42064fc4beb5f8aaf85f4617ae8b3b5b8bd801,stress,stress,134.56076318947544,100.0,-8.326672684688674e-17,0.32805748974822846,0.0,
uni_weth_3000_month_23601643_23608842_w18,0x1d42064fc4beb5f8aaf85f4617ae8b3b5b8bd801,stress,normal,59.24480839946524,100.0,-4.336808689942018e-19,0.03672833758790234,0.0,
uni_weth_3000_month_23608843_23616042_w19,0x1d42064fc4beb5f8aaf85f4617ae8b3b5b8bd801,stress,stress,105.2927210242401,100.0,-1.3877787807814457e-17,0.15461906611312248,0.0,
uni_weth_3000_month_23616043_23623242_w20,0x1d42064fc4beb5f8aaf85f4617ae8b3b5b8bd801,stress,normal,85.42974927463888,100.0,5.551115123125783e-17,0.3331565626786529,0.0,
uni_weth_3000_month_23623243_23630442_w21,0x1d42064fc4beb5f8aaf85f4617ae8b3b5b8bd801,stress,stress,113.92587167826254,100.0,1.3877787807814457e-17,0.17795042169648068,0.0,
uni_weth_3000_month_23630443_23637642_w22,0x1d42064fc4beb5f8aaf85f4617ae8b3b5b8bd801,stress,normal,99.23956910447662,100.0,-1.3877787807814457e-17,0.23351810374081172,0.0,
uni_weth_3000_month_23637643_23644842_w23,0x1d42064fc4beb5f8aaf85f4617ae8b3b5b8bd801,stress,normal,78.2629510249836,100.0,1.3877787807814457e-17,0.1290745391380178,0.0,
uni_weth_3000_month_23644843_23652042_w24,0x1d42064fc4beb5f8aaf85f4617ae8b3b5b8bd801,stress,normal,79.23588875717202,100.0,3.469446951953614e-18,0.07791373618044112,0.0,
uni_weth_3000_month_23652043_23659242_w25,0x1d42064fc4beb5f8aaf85f4617ae8b3b5b8bd801,stress,normal,39.91017095151409,100.0,1.734723475976807e-18,0.13887062673323455,0.0,
uni_weth_3000_month_23659243_23666442_w26,0x1d42064fc4beb5f8aaf85f4617ae8b3b5b8bd801,stress,normal,87.2618119315787,100.0,3.469446951953614e-17,0.2565665356119387,0.0,
uni_weth_3000_month_23666443_23673642_w27,0x1d42064fc4beb5f8aaf85f4617ae8b3b5b8bd801,stress,normal,88.3433531993067,100.0,-6.938893903907228e-18,0.1285380038123552,0.0,
uni_weth_3000_month_23673643_23680842_w28,0x1d42064fc4beb5f8aaf85f4617ae8b3b5b8bd801,stress,normal,94.17014135062713,100.0,6.938893903907228e-18,0.10594137009050097,0.0,
uni_weth_3000_month_23680843_23688042_w29,0x1d42064fc4beb5f8aaf85f4617ae8b3b5b8bd801,stress,stress,129.93251694096602,100.0,1.734723475976807e-18,0.20876338715419676,0.0,
uni_weth_3000_month_23688043_23695242_w30,0x1d42064fc4beb5f8aaf85f4617ae8b3b5b8bd801,stress,normal,98.0072985212861,100.0,-8.673617379884035e-18,0.1614901520913899,0.0,
uni_weth_3000_month_23695243_23700766_w31,0x1d42064fc4beb5f8aaf85f4617ae8b3b5b8bd801,stress,normal,82.43905003410849,100.0,-1.3010426069826053e-18,0.033209785402301344,0.0,
wbtc_usdc_500_month_23479243_23486442_w01,0x9a772018fbd77fcd2d25657e5c547baff3fd7d16,stress,normal,37.35003367263232,100.0,204.604366709308,1065.2440738359778,0.13266583229036297,0.9150943396226415
wbtc_usdc_500_month_23486443_23493642_w02,0x9a772018fbd77fcd2d25657e5c547baff3fd7d16,stress,normal,31.385074102530385,100.0,113.63962650511053,614.5520181113164,0.08819875776397515,0.9859154929577465
wbtc_usdc_500_month_23493643_23500842_w03,0x9a772018fbd77fcd2d25657e5c547baff3fd7d16,stress,normal,45.93549239239978,100.0,831.0288158344931,4776.726403860718,0.14361702127659576,0.9938271604938271
wbtc_usdc_500_month_23500843_23508042_w04,0x9a772018fbd77fcd2d25657e5c547baff3fd7d16,stress,normal,12.312450661085377,100.0,40.919228201957424,1055.9018317855816,0.04777070063694268,0.8666666666666667
wbtc_usdc_500_month_23508043_23515242_w05,0x9a772018fbd77fcd2d25657e5c547baff3fd7d16,stress,normal,32.15046985193469,100.0,336.02630741828426,1391.3833551818877,0.09966996699669967,0.9536423841059603
wbtc_usdc_500_month_23515243_23522442_w06,0x9a772018fbd77fcd2d25657e5c547baff3fd7d16,stress,normal,35.57225355631239,100.0,147.27649377918152,832.1130139587829,0.07953340402969247,0.9466666666666667
wbtc_usdc_500_month_23522443_23529642_w07,0x9a772018fbd77fcd2d25657e5c547baff3fd7d16,stress,normal,44.56261904014417,100.0,17216.543372403135,115477.97256287548,0.08614232209737828,0.967391304347826
wbtc_usdc_500_month_23529643_23536842_w08,0x9a772018fbd77fcd2d25657e5c547baff3fd7d16,stress,normal,36.60246157991749,100.0,115.4372629697541,584.2978918285589,0.08378870673952642,0.8913043478260869
wbtc_usdc_500_month_23536843_23544042_w09,0x9a772018fbd77fcd2d25657e5c547baff3fd7d16,stress,normal,47.934009649837336,100.0,201.7958710921979,997.8287957641845,0.10521813515825491,0.975609756097561
wbtc_usdc_500_month_23544043_23551242_w10,0x9a772018fbd77fcd2d25657e5c547baff3fd7d16,stress,stress,168.18161264143723,100.0,63947.23130446069,274916.12614215026,0.16654492330168005,0.9912280701754386
wbtc_usdc_500_month_23551243_23558442_w11,0x9a772018fbd77fcd2d25657e5c547baff3fd7d16,stress,normal,50.333526237389634,100.0,3481.972043619756,27131.42204492147,0.1888153938665063,0.9617834394904459
wbtc_usdc_500_month_23558443_23565642_w12,0x9a772018fbd77fcd2d25657e5c547baff3fd7d16,stress,normal,52.464873623184424,100.0,1057.2382271031856,5917.619736283741,0.1595591758505031,0.978978978978979
wbtc_usdc_500_month_23565643_23572842_w13,0x9a772018fbd77fcd2d25657e5c547baff3fd7d16,stress,normal,34.82511629892554,100.0,386.8371228198888,1916.3424436119221,0.13208901651112706,0.9782608695652174
wbtc_usdc_500_month_23572843_23580042_w14,0x9a772018fbd77fcd2d25657e5c547baff3fd7d16,stress,normal,56.9582743352564,100.0,3903.632832254382,48265.472828111684,0.16540642722117202,0.9657142857142857
wbtc_usdc_500_month_23580043_23587242_w15,0x9a772018fbd77fcd2d25657e5c547baff3fd7d16,stress,normal,53.03077822662645,100.0,382.3688365610593,2024.107054538079,0.13466850828729282,0.9897435897435898
wbtc_usdc_500_month_23587243_23594442_w16,0x9a772018fbd77fcd2d25657e5c547baff3fd7d16,stress,normal,62.491306233371255,100.0,8313.375553414162,59476.56327638173,0.18232044198895028,0.9696969696969697
wbtc_usdc_500_month_23594443_23601642_w17,0x9a772018fbd77fcd2d25657e5c547baff3fd7d16,stress,normal,66.51695662530508,100.0,754.5009146068619,4781.771831864438,0.1744186046511628,0.9894736842105263
wbtc_usdc_500_month_23601643_23608842_w18,0x9a772018fbd77fcd2d25657e5c547baff3fd7d16,stress,normal,23.437837688291857,100.0,2866.9738781773613,15495.55753682841,0.17860746720484358,0.9887005649717514
wbtc_usdc_500_month_23608843_23616042_w19,0x9a772018fbd77fcd2d25657e5c547baff3fd7d16,stress,normal,41.980738490293746,100.0,847.6457980550665,4465.7935091938925,0.161474888747616,0.9488188976377953
wbtc_usdc_500_month_23616043_23623242_w20,0x9a772018fbd77fcd2d25657e5c547baff3fd7d16,stress,normal,36.24037753865537,100.0,877.6839409210894,3942.4273727912196,0.14743112434847358,0.9696969696969697
wbtc_usdc_500_month_23623243_23630442_w21,0x9a772018fbd77fcd2d25657e5c547baff3fd7d16,stress,normal,58.30635069055513,100.0,2747.517522727985,27686.236399464524,0.23738872403560832,0.975
wbtc_usdc_500_month_23630443_23637642_w22,0x9a772018fbd77fcd2d25657e5c547baff3fd7d16,stress,normal,47.19432260375556,100.0,800.6035551580296,3510.0348657213644,0.17604790419161676,0.9761904761904762
wbtc_usdc_500_month_23637643_23644842_w23,0x9a772018fbd77fcd2d25657e5c547baff3fd7d16,stress,normal,45.62264713993583,100.0,1279.4561985390621,5268.433868770889,0.22071516646115907,0.9664804469273743
wbtc_usdc_500_month_23644843_23652042_w24,0x9a772018fbd77fcd2d25657e5c547baff3fd7d16,stress,normal,34.15999854857675,100.0,46230.39648132832,198852.9592068482,0.1694255111976631,0.9540229885057471
wbtc_usdc_500_month_23652043_23659242_w25,0x9a772018fbd77fcd2d25657e5c547baff3fd7d16,stress,normal,14.138982459288663,100.0,24.316020716356178,215.4965246220234,0.09437386569872959,0.8653846153846154
wbtc_usdc_500_month_23659243_23666442_w26,0x9a772018fbd77fcd2d25657e5c547baff3fd7d16,stress,normal,33.084599889925684,100.0,1088.9869656471058,4607.227542735308,0.15916666666666668,0.9424083769633508
wbtc_usdc_500_month_23666443_23673642_w27,0x9a772018fbd77fcd2d25657e5c547baff3fd7d16,stress,normal,33.06052116294059,100.0,292.9552220431334,1259.927964108625,0.12992125984251968,0.9545454545454546
wbtc_usdc_500_month_23673643_23680842_w28,0x9a772018fbd77fcd2d25657e5c547baff3fd7d16,stress,normal,38.17333653808819,100.0,340.08764659006727,1732.6336131128123,0.15806988352745424,0.9578947368421052
wbtc_usdc_500_month_23680843_23688042_w29,0x9a772018fbd77fcd2d25657e5c547baff3fd7d16,stress,normal,53.25865192539663,100.0,819.4763973963773,4446.211415978869,0.18280949326491341,0.9543859649122807
wbtc_usdc_500_month_23688043_23695242_w30,0x9a772018fbd77fcd2d25657e5c547baff3fd7d16,stress,normal,57.16195959068898,100.0,1127.1785853268757,6835.7630130790785,0.2188118811881188,0.9796380090497737
wbtc_usdc_500_month_23695243_23700766_w31,0x9a772018fbd77fcd2d25657e5c547baff3fd7d16,stress,normal,41.620965792809734,100.0,374.47686898248446,1642.9159473962259,0.16303317535545023,0.9883720930232558
weth_usdc_3000_month_23479243_23486442_w01,0x8ad599c3a0ff1de082011efddc58f1908eb6e6d8,stress,normal,52.44919442897685,100.0,0.0,1.0964754435731132,0.0,
weth_usdc_3000_month_23486443_23493642_w02,0x8ad599c3a0ff1de082011efddc58f1908eb6e6d8,stress,normal,50.092493935275925,100.0,1.3877787807814457e-16,1.905247419237598,0.0,
weth_usdc_3000_month_23493643_23500842_w03,0x8ad599c3a0ff1de082011efddc58f1908eb6e6d8,stress,normal,66.66880117364707,100.0,-2.220446049250313e-16,2.0560764186766134,0.0,
weth_usdc_3000_month_23500843_23508042_w04,0x8ad599c3a0ff1de082011efddc58f1908eb6e6d8,stress,normal,27.850967600881948,100.0,-4.163336342344337e-17,0.3516817085081134,0.0,
weth_usdc_3000_month_23508043_23515242_w05,0x8ad599c3a0ff1de082011efddc58f1908eb6e6d8,stress,normal,45.424784989424374,100.0,-5.551115123125783e-17,0.9971599937422984,0.0,
weth_usdc_3000_month_23515243_23522442_w06,0x8ad599c3a0ff1de082011efddc58f1908eb6e6d8,stress,normal,45.60287813729722,100.0,-5.551115123125783e-17,1.018135903754912,0.0,
weth_usdc_3000_month_23522443_23529642_w07,0x8ad599c3a0ff1de082011efddc58f1908eb6e6d8,stress,normal,63.692878222879266,100.0,2.220446049250313e-16,1.838928467261381,0.0,
weth_usdc_3000_month_23529643_23536842_w08,0x8ad599c3a0ff1de082011efddc58f1908eb6e6d8,stress,normal,47.462164057719974,100.0,4.440892098500626e-16,1.3278074303236047,0.0,
weth_usdc_3000_month_23536843_23544042_w09,0x8ad599c3a0ff1de082011efddc58f1908eb6e6d8,stress,normal,55.18822812530119,100.0,7.771561172376096e-16,1.3504466396633896,0.0,
weth_usdc_3000_month_23544043_23551242_w10,0x8ad599c3a0ff1de082011efddc58f1908eb6e6d8,stress,stress,245.972350742423,100.0,49.10868042323313,246.68678018610504,0.03944954128440367,1.0
weth_usdc_3000_month_23551243_23558442_w11,0x8ad599c3a0ff1de082011efddc58f1908eb6e6d8,stress,normal,89.83469494489779,100.0,17.378305407226613,64.87178027724839,0.0027906976744186047,1.0
weth_usdc_3000_month_23558443_23565642_w12,0x8ad599c3a0ff1de082011efddc58f1908eb6e6d8,stress,stress,107.7563642871178,100.0,-3.3306690738754696e-15,2.6048134215095664,0.0,
weth_usdc_3000_month_23565643_23572842_w13,0x8ad599c3a0ff1de082011efddc58f1908eb6e6d8,stress,normal,77.40678671658459,100.0,4.440892098500626e-16,1.5066051402592482,0.0,
weth_usdc_3000_month_23572843_23580042_w14,0x8ad599c3a0ff1de082011efddc58f1908eb6e6d8,stress,stress,105.01437219698037,100.0,-1.3322676295501878e-15,3.355838133782491,0.0,
weth_usdc_3000_month_23580043_23587242_w15,0x8ad599c3a0ff1de082011efddc58f1908eb6e6d8,stress,normal,84.88258712946696,100.0,4.440892098500626e-16,2.608578823964048,0.0,
weth_usdc_3000_month_23587243_23594442_w16,0x8ad599c3a0ff1de082011efddc58f1908eb6e6d8,stress,normal,84.65604485667812,100.0,-1.7763568394002505e-15,3.5322236439532753,0.0,
weth_usdc_3000_month_23594443_23601642_w17,0x8ad599c3a0ff1de082011efddc58f1908eb6e6d8,stress,normal,89.77193869266691,100.0,2.220446049250313e-15,6.18988583111641,0.0,
weth_usdc_3000_month_23601643_23608842_w18,0x8ad599c3a0ff1de082011efddc58f1908eb6e6d8,stress,normal,39.55010576995218,100.0,-2.220446049250313e-16,0.9339677570452627,0.0,
weth_usdc_3000_month_23608843_23616042_w19,0x8ad599c3a0ff1de082011efddc58f1908eb6e6d8,stress,normal,74.18364543430792,100.0,-4.440892098500626e-16,2.4371655485536428,0.0,
weth_usdc_3000_month_23616043_23623242_w20,0x8ad599c3a0ff1de082011efddc58f1908eb6e6d8,stress,normal,52.65130675860693,100.0,-2.220446049250313e-16,1.7515872248250888,0.0,
weth_usdc_3000_month_23623243_23630442_w21,0x8ad599c3a0ff1de082011efddc58f1908eb6e6d8,stress,normal,80.42445151348136,100.0,-8.881784197001252e-16,4.4408811224899445,0.0,
weth_usdc_3000_month_23630443_23637642_w22,0x8ad599c3a0ff1de082011efddc58f1908eb6e6d8,stress,normal,73.6897491332469,100.0,0.0,3.133944842805299,0.0,
weth_usdc_3000_month_23637643_23644842_w23,0x8ad599c3a0ff1de082011efddc58f1908eb6e6d8,stress,normal,57.298376140751564,100.0,1.5543122344752192e-15,1.6293610256915647,0.0,
weth_usdc_3000_month_23644843_23652042_w24,0x8ad599c3a0ff1de082011efddc58f1908eb6e6d8,stress,normal,51.81505709101479,100.0,1.099120794378905e-14,2.3358868994013133,0.0,
weth_usdc_3000_month_23652043_23659242_w25,0x8ad599c3a0ff1de082011efddc58f1908eb6e6d8,stress,normal,24.25034870686172,100.0,2.7755575615628914e-17,0.40956203872090313,0.0,
weth_usdc_3000_month_23659243_23666442_w26,0x8ad599c3a0ff1de082011efddc58f1908eb6e6d8,stress,normal,60.43474953940831,100.0,-6.661338147750939e-16,1.8272873105063026,0.0,
weth_usdc_3000_month_23666443_23673642_w27,0x8ad599c3a0ff1de082011efddc58f1908eb6e6d8,stress,normal,53.63009478219094,100.0,-6.661338147750939e-16,1.3873816356182518,0.0,
weth_usdc_3000_month_23673643_23680842_w28,0x8ad599c3a0ff1de082011efddc58f1908eb6e6d8,stress,normal,60.57370442537721,100.0,-6.661338147750939e-16,3.883161271751179,0.0,
weth_usdc_3000_month_23680843_23688042_w29,0x8ad599c3a0ff1de082011efddc58f1908eb6e6d8,stress,normal,77.67364957855989,100.0,-8.881784197001252e-16,5.154948607829681,0.0,
weth_usdc_3000_month_23688043_23695242_w30,0x8ad599c3a0ff1de082011efddc58f1908eb6e6d8,stress,normal,65.90928706992344,100.0,3.9968028886505635e-15,6.774325202135116,0.0,
weth_usdc_3000_month_23695243_23700766_w31,0x8ad599c3a0ff1de082011efddc58f1908eb6e6d8,stress,normal,57.80125863996103,100.0,-1.3322676295501878e-15,3.9026048898922654,0.0,
