timestamp,block_number,tx_hash,log_index,pool,token0,token1,token0_decimals,token1_decimals,sender,recipient,direction,token0_in,token1_in,token0_out,token1_out,amount0,amount1,sqrt_price_x96,sqrtPriceX96,liquidity,tick,pre_swap_tick
1760054411,23543616,0x0b9614749afc4660ebf83e25bbb347af59bbb3e6cca90574973feca38a8d5b23,302,0x9a772018fbd77fcd2d25657e5c547baff3fd7d16,0x2260fac5e5542a773aa44fbcfedf7c193bc2c599,0xa0b86991c6218b36c1d19d4a2e9eb0ce3606eb48,8,6,0xe592427a0aece92de3edee1f18e0157c05861564,0xf5213a6a2f0890321712520b8048d9886c1a9900,one_for_zero,0,3021620034,2481531,0,-2481531,3021620034,2764227992748818622098939124828,2764227992748818622098939124828,439172658142,71047,71047
1760054723,23543642,0x652b95569728fad9dfd542fc89a9f11daf9ea898a749d8ca7fdc5bd1c3f5b81a,270,0x9a772018fbd77fcd2d25657e5c547baff3fd7d16,0x2260fac5e5542a773aa44fbcfedf7c193bc2c599,0xa0b86991c6218b36c1d19d4a2e9eb0ce3606eb48,8,6,0xe08d97e151473a848c3d9ca3f323cb720472d015,0xba12222222228d8ba445958a75a0704d566bf2c8,zero_for_one,482009,0,0,586419642,482009,-586419642,2764122200755996267821673988532,2764122200755996267821673988532,439172658142,71046,71046
1760055023,23543667,0x4e6fb88428e5068e93f1e8b4cc21b94a04d7c0fec2131bc3043f30bb45b88ff8,215,0x9a772018fbd77fcd2d25657e5c547baff3fd7d16,0x2260fac5e5542a773aa44fbcfedf7c193bc2c599,0xa0b86991c6218b36c1d19d4a2e9eb0ce3606eb48,8,6,0x50bf20318ce9100ac4374ab4bed5fe4b1f8cc6b3,0xba12222222228d8ba445958a75a0704d566bf2c8,zero_for_one,459318,0,0,558772382,459318,-558772382,2764021396417955568628389926172,2764021396417955568628389926172,439172658142,71045,71045
1760055155,23543678,0xb31016ee04402a50c532de3fa8922086230f0a0965deb3264b5f792124202d8b,156,0x9a772018fbd77fcd2d25657e5c547baff3fd7d16,0x2260fac5e5542a773aa44fbcfedf7c193bc2c599,0xa0b86991c6218b36c1d19d4a2e9eb0ce3606eb48,8,6,0x207e1074858a7e78f17002075739ed2745dbaece,0x207e1074858a7e78f17002075739ed2745dbaece,one_for_zero,0,2350415223,1929910,0,-1929910,2350415223,2764445206885758533957197352013,2764445206885758533957197352013,439172658142,71048,71048
1760055239,23543685,0x4e30b34b9a5d5819ee7fd8fcb0251debd41eb2ed446fd66535e1241c4edf5d12,410,0x9a772018fbd77fcd2d25657e5c547baff3fd7d16,0x2260fac5e5542a773aa44fbcfedf7c193bc2c599,0xa0b86991c6218b36c1d19d4a2e9eb0ce3606eb48,8,6,0x2e1dee213ba8d7af0934c49a23187babeaca8764,0x2e1dee213ba8d7af0934c49a23187babeaca8764,zero_for_one,3860,0,0,4696981,3860,-4696981,2764444359535073224210749380699,2764444359535073224210749380699,439172658142,71048,71048
1760055311,23543691,0x28ab19e98e25cd6044a79134636c3709048a673f3dae21152a5c69dac09392cd,165,0x9a772018fbd77fcd2d25657e5c547baff3fd7d16,0x2260fac5e5542a773aa44fbcfedf7c193bc2c599,0xa0b86991c6218b36c1d19d4a2e9eb0ce3606eb48,8,6,0x3b0aa7d38bf3c103bf02d1de2e37568cbed3d6e8,0x3b0aa7d38bf3c103bf02d1de2e37568cbed3d6e8,zero_for_one,509503,0,0,619966609,509503,-619966609,2764332515561143467333241444122,2764332515561143467333241444122,439172658142,71048,71048
1760055323,23543692,0xcc6cf9fdc30a571db061690924eedeb852bd8737097c5a3248be779da427e4fb,197,0x9a772018fbd77fcd2d25657e5c547baff3fd7d16,0x2260fac5e5542a773aa44fbcfedf7c193bc2c599,0xa0b86991c6218b36c1d19d4a2e9eb0ce3606eb48,8,6,0x50bf20318ce9100ac4374ab4bed5fe4b1f8cc6b3,0xba12222222228d8ba445958a75a0704d566bf2c8,zero_for_one,459248,0,0,558772672,459248,-558772672,2764231711170785833779012595388,2764231711170785833779012595388,439172658142,71047,71047
1760055431,23543701,0x3ab6b072d8483cca2c6ed384b59ffe737241e3b967db7018e4b14162d4a4c7b1,57,0x9a772018fbd77fcd2d25657e5c547baff3fd7d16,0x2260fac5e5542a773aa44fbcfedf7c193bc2c599,0xa0b86991c6218b36c1d19d4a2e9eb0ce3606eb48,8,6,0xe592427a0aece92de3edee1f18e0157c05861564,0xf5213a6a2f0890321712520b8048d9886c1a9900,one_for_zero,0,2293587409,1882970,0,-1882970,2293587409,2764645274843686465319175475695,2764645274843686465319175475695,439172658142,71050,71050
1760055611,23543716,0x610aaed56cb73d28ee170c02a709db1e3fa70e57b22bc7385bdf3f6bb8874a55,235,0x9a772018fbd77fcd2d25657e5c547baff3fd7d16,0x2260fac5e5542a773aa44fbcfedf7c193bc2c599,0xa0b86991c6218b36c1d19d4a2e9eb0ce3606eb48,8,6,0x3b0aa7d38bf3c103bf02d1de2e37568cbed3d6e8,0x3b0aa7d38bf3c103bf02d1de2e37568cbed3d6e8,zero_for_one,509555,0,0,620120040,509555,-620120040,2764533403190482644506424415647,2764533403190482644506424415647,439172658142,71049,71049
1760055623,23543717,0xcaf9836a7a426c5b974fb3ca96431280290ac9e385d4d4c6292e3efba0efb2f1,103,0x9a772018fbd77fcd2d25657e5c547baff3fd7d16,0x2260fac5e5542a773aa44fbcfedf7c193bc2c599,0xa0b86991c6218b36c1d19d4a2e9eb0ce3606eb48,8,6,0x50bf20318ce9100ac4374ab4bed5fe4b1f8cc6b3,0xba12222222228d8ba445958a75a0704d566bf2c8,zero_for_one,440343,0,0,535848142,440343,-535848142,2764436734459198340295587159746,2764436734459198340295587159746,439172658142,71048,71048
1760055791,23543731,0xe8bfb46105747144d45dc274d39690180177ef09df24abd2c7af57a9804db3cb,1069,0x9a772018fbd77fcd2d25657e5c547baff3fd7d16,0x2260fac5e5542a773aa44fbcfedf7c193bc2c599,0xa0b86991c6218b36c1d19d4a2e9eb0ce3606eb48,8,6,0x50bf20318ce9100ac4374ab4bed5fe4b1f8cc6b3,0x50bf20318ce9100ac4374ab4bed5fe4b1f8cc6b3,zero_for_one,178161,0,0,216790973,178161,-216790973,2764397624669002990706394291909,2764397624669002990706394291909,439172658142,71048,71048
1760055791,23543731,0xe8bfb46105747144d45dc274d39690180177ef09df24abd2c7af57a9804db3cb,1076,0x9a772018fbd77fcd2d25657e5c547baff3fd7d16,0x2260fac5e5542a773aa44fbcfedf7c193bc2c599,0xa0b86991c6218b36c1d19d4a2e9eb0ce3606eb48,8,6,0x50bf20318ce9100ac4374ab4bed5fe4b1f8cc6b3,0x50bf20318ce9100ac4374ab4bed5fe4b1f8cc6b3,zero_for_one,111638,0,0,135841399,111638,-135841399,2764373118442918270918460325096,2764373118442918270918460325096,439172658142,71048,71048
1760055887,23543739,0xcdb6c3b0b7b5ed22abdf91dee96fd2aca805e7c2f6b98aeb8e810f6e01b24895,801,0x9a772018fbd77fcd2d25657e5c547baff3fd7d16,0x2260fac5e5542a773aa44fbcfedf7c193bc2c599,0xa0b86991c6218b36c1d19d4a2e9eb0ce3606eb48,8,6,0x51c72848c68a965f66fa7a88855f9f7784502a7f,0x51c72848c68a965f66fa7a88855f9f7784502a7f,one_for_zero,0,2668051444,2190116,0,-2190116,2668051444,2764854202857113768024523734142,2764854202857113768024523734142,439172658142,71051,71051
1760055923,23543742,0xd1049faa55cf91cc5a375222f8ac00ed6d39bc203eecb43844310108496e705f,75,0x9a772018fbd77fcd2d25657e5c547baff3fd7d16,0x2260fac5e5542a773aa44fbcfedf7c193bc2c599,0xa0b86991c6218b36c1d19d4a2e9eb0ce3606eb48,8,6,0x50bf20318ce9100ac4374ab4bed5fe4b1f8cc6b3,0xba12222222228d8ba445958a75a0704d566bf2c8,zero_for_one,440241,0,0,535848422,440241,-535848422,2764757534075316561672084615536,2764757534075316561672084615536,439172658142,71051,71051
1760055971,23543746,0x63a1fc8af15d0b34968ccaccd043cda12a4e33f131c241eee62801f82673656a,129,0x9a772018fbd77fcd2d25657e5c547baff3fd7d16,0x2260fac5e5542a773aa44fbcfedf7c193bc2c599,0xa0b86991c6218b36c1d19d4a2e9eb0ce3606eb48,8,6,0x50bf20318ce9100ac4374ab4bed5fe4b1f8cc6b3,0x50bf20318ce9100ac4374ab4bed5fe4b1f8cc6b3,zero_for_one,408255,0,0,496883109,408255,-496883109,2764667894761422915830233007275,2764667894761422915830233007275,439172658142,71050,71050
1760055971,23543746,0x63a1fc8af15d0b34968ccaccd043cda12a4e33f131c241eee62801f82673656a,136,0x9a772018fbd77fcd2d25657e5c547baff3fd7d16,0x2260fac5e5542a773aa44fbcfedf7c193bc2c599,0xa0b86991c6218b36c1d19d4a2e9eb0ce3606eb48,8,6,0x50bf20318ce9100ac4374ab4bed5fe4b1f8cc6b3,0x50bf20318ce9100ac4374ab4bed5fe4b1f8cc6b3,zero_for_one,255818,0,0,311337684,255818,-311337684,2764611728440043574639531969940,2764611728440043574639531969940,439172658142,71050,71050
1760055971,23543746,0x9ec612fdd294d0ed5d1afff33dd84e37a68f52d2d3f2520f0f6769c873f44feb,423,0x9a772018fbd77fcd2d25657e5c547baff3fd7d16,0x2260fac5e5542a773aa44fbcfedf7c193bc2c599,0xa0b86991c6218b36c1d19d4a2e9eb0ce3606eb48,8,6,0xa69babef1ca67a37ffaf7a485dfff3382056e78c,0xa69babef1ca67a37ffaf7a485dfff3382056e78c,one_for_zero,0,2598237192,2132450,0,-2132450,2598237192,2765080224435576607191201224498,2765080224435576607191201224498,439172658142,71053,71053
1760055971,23543746,0x63c6f6d6c579bc83422cd89e34f4d569e5ebd27963042711fad38a4f05ba400b,817,0x9a772018fbd77fcd2d25657e5c547baff3fd7d16,0x2260fac5e5542a773aa44fbcfedf7c193bc2c599,0xa0b86991c6218b36c1d19d4a2e9eb0ce3606eb48,8,6,0x50bf20318ce9100ac4374ab4bed5fe4b1f8cc6b3,0x50bf20318ce9100ac4374ab4bed5fe4b1f8cc6b3,zero_for_one,177883,0,0,216554528,177883,-216554528,2765041157300942494927019587698,2765041157300942494927019587698,439172658142,71053,71053
1760055971,23543746,0x63c6f6d6c579bc83422cd89e34f4d569e5ebd27963042711fad38a4f05ba400b,824,0x9a772018fbd77fcd2d25657e5c547baff3fd7d16,0x2260fac5e5542a773aa44fbcfedf7c193bc2c599,0xa0b86991c6218b36c1d19d4a2e9eb0ce3606eb48,8,6,0x50bf20318ce9100ac4374ab4bed5fe4b1f8cc6b3,0x50bf20318ce9100ac4374ab4bed5fe4b1f8cc6b3,zero_for_one,111464,0,0,135692725,111464,-135692725,2765016677896072249625908409413,2765016677896072249625908409413,439172658142,71052,71052
1760055995,23543748,0x1a1888b0d1eeb76e7788b7f94e44c4d743f23b1b9d5ee41d68ae953ef11020c4,458,0x9a772018fbd77fcd2d25657e5c547baff3fd7d16,0x2260fac5e5542a773aa44fbcfedf7c193bc2c599,0xa0b86991c6218b36c1d19d4a2e9eb0ce3606eb48,8,6,0x51c72848c68a965f66fa7a88855f9f7784502a7f,0x51c72848c68a965f66fa7a88855f9f7784502a7f,one_for_zero,0,1128670089,926150,0,-926150,1128670089,2765220191808596060632885145981,2765220191808596060632885145981,439172658142,71054,71054
1760056019,23543750,0x2ac471cf198436550c2f35ee458225a7af4cc39e6d272b709735ac176816dccf,235,0x9a772018fbd77fcd2d25657e5c547baff3fd7d16,0x2260fac5e5542a773aa44fbcfedf7c193bc2c599,0xa0b86991c6218b36c1d19d4a2e9eb0ce3606eb48,8,6,0x51c72848c68a965f66fa7a88855f9f7784502a7f,0x51c72848c68a965f66fa7a88855f9f7784502a7f,one_for_zero,0,1080962912,886875,0,-886875,1080962912,2765415103496018138092159083995,2765415103496018138092159083995,439172658142,71055,71055
1760056031,23543751,0x172456b4a159eceaf1260a5473969a0da3a39e9ed9c56e88e36bf701108c4f05,380,0x9a772018fbd77fcd2d25657e5c547baff3fd7d16,0x2260fac5e5542a773aa44fbcfedf7c193bc2c599,0xa0b86991c6218b36c1d19d4a2e9eb0ce3606eb48,8,6,0xa69babef1ca67a37ffaf7a485dfff3382056e78c,0xa69babef1ca67a37ffaf7a485dfff3382056e78c,one_for_zero,0,1758621722,1442593,0,-1442593,1758621722,2765732205890293089240565847555,2765732205890293089240565847555,439172658142,71058,71058
1760056223,23543766,0xeb19846b1005803038a261de8ea44deb03ab0534e648321d6983331eade912ad,136,0x9a772018fbd77fcd2d25657e5c547baff3fd7d16,0x2260fac5e5542a773aa44fbcfedf7c193bc2c599,0xa0b86991c6218b36c1d19d4a2e9eb0ce3606eb48,8,6,0x3b0aa7d38bf3c103bf02d1de2e37568cbed3d6e8,0x3b0aa7d38bf3c103bf02d1de2e37568cbed3d6e8,zero_for_one,509107,0,0,620061842,509107,-620061842,2765620344736073102022785565492,2765620344736073102022785565492,439172658142,71057,71057
1760056223,23543766,0x00e17fd220936e552d44cdbdde2c936f75ceec0fe6020c21357085107020e225,196,0x9a772018fbd77fcd2d25657e5c547baff3fd7d16,0x2260fac5e5542a773aa44fbcfedf7c193bc2c599,0xa0b86991c6218b36c1d19d4a2e9eb0ce3606eb48,8,6,0x50bf20318ce9100ac4374ab4bed5fe4b1f8cc6b3,0xba12222222228d8ba445958a75a0704d566bf2c8,zero_for_one,501830,0,0,611149951,501830,-611149951,2765510091315827717117592999549,2765510091315827717117592999549,439172658142,71056,71056
1760056295,23543772,0x32c024054644af9b9ed6d50881b612e943df7ad569b7e22a19219bf06adf7835,262,0x9a772018fbd77fcd2d25657e5c547baff3fd7d16,0x2260fac5e5542a773aa44fbcfedf7c193bc2c599,0xa0b86991c6218b36c1d19d4a2e9eb0ce3606eb48,8,6,0x111111125421ca6dc452d289314280a0f8842a65,0x9008d19f58aabd9ed0d60971565aa8510560ab41,one_for_zero,0,249954409,205043,0,-205043,249954409,2765555161350114128098979542595,2765555161350114128098979542595,439172658142,71056,71056
1760056547,23543792,0x1bd86659020d69ad198a421b6c99c771c483bf0eb3a8de36528ea5e696290acb,303,0x9a772018fbd77fcd2d25657e5c547baff3fd7d16,0x2260fac5e5542a773aa44fbcfedf7c193bc2c599,0xa0b86991c6218b36c1d19d4a2e9eb0ce3606eb48,8,6,0x50bf20318ce9100ac4374ab4bed5fe4b1f8cc6b3,0xba12222222228d8ba445958a75a0704d566bf2c8,zero_for_one,501854,0,0,611150294,501854,-611150294,2765444907867990438070324694838,2765444907867990438070324694838,439172658142,71056,71056
1760056883,23543818,0xb80df228709389d99f92844dbe779c94cfd2c9a1913f9a00e5295260266b6e7f,155,0x9a772018fbd77fcd2d25657e5c547baff3fd7d16,0x2260fac5e5542a773aa44fbcfedf7c193bc2c599,0xa0b86991c6218b36c1d19d4a2e9eb0ce3606eb48,8,6,0x50bf20318ce9100ac4374ab4bed5fe4b1f8cc6b3,0xba12222222228d8ba445958a75a0704d566bf2c8,zero_for_one,402696,0,0,490360361,402696,-490360361,2765356445278957175347058637650,2765356445278957175347058637650,439172658142,71055,71055
1760057099,23543835,0xd6d741f6462f747a043d4ef6e79ff353115d566788d39cd2ef9c1f8a9e183944,77,0x9a772018fbd77fcd2d25657e5c547baff3fd7d16,0x2260fac5e5542a773aa44fbcfedf7c193bc2c599,0xa0b86991c6218b36c1d19d4a2e9eb0ce3606eb48,8,6,0xe592427a0aece92de3edee1f18e0157c05861564,0x6a000f20005980200259b80c5102003040001068,one_for_zero,0,3306555539,2712201,0,-2712201,3306555539,2765952660295019502983547610914,2765952660295019502983547610914,439172658142,71059,71059
1760057099,23543835,0x991263b78ea111e2dc78f76f9ba72eb86b7eadaf94f9cfbaefea79e6a87ea052,323,0x9a772018fbd77fcd2d25657e5c547baff3fd7d16,0x2260fac5e5542a773aa44fbcfedf7c193bc2c599,0xa0b86991c6218b36c1d19d4a2e9eb0ce3606eb48,8,6,0xa69babef1ca67a37ffaf7a485dfff3382056e78c,0xa69babef1ca67a37ffaf7a485dfff3382056e78c,zero_for_one,1534761,0,0,1869392624,1534761,-1869392624,2765615415842475321836129229867,2765615415842475321836129229867,439172658142,71057,71057
1760057111,23543836,0x56a95fdeaa6287917cc2410fbf3238274aa89eabf5f0a9c0ab20818ec470f247,384,0x9a772018fbd77fcd2d25657e5c547baff3fd7d16,0x2260fac5e5542a773aa44fbcfedf7c193bc2c599,0xa0b86991c6218b36c1d19d4a2e9eb0ce3606eb48,8,6,0xa69babef1ca67a37ffaf7a485dfff3382056e78c,0xa69babef1ca67a37ffaf7a485dfff3382056e78c,zero_for_one,1098354,0,0,1337553289,1098354,-1337553289,2765374116919556172966226191852,2765374116919556172966226191852,439172658142,71055,71055
1760057135,23543838,0x8e384f050518314192c03fb5406991efd6f909130f19fe5b743b48d9f42c3009,217,0x9a772018fbd77fcd2d25657e5c547baff3fd7d16,0x2260fac5e5542a773aa44fbcfedf7c193bc2c599,0xa0b86991c6218b36c1d19d4a2e9eb0ce3606eb48,8,6,0xfbd4cdb413e45a52e2c8312f670e9ce67e794c37,0xfbd4cdb413e45a52e2c8312f670e9ce67e794c37,zero_for_one,969481,0,0,1180421631,969481,-1180421631,2765161165054050377156114651344,2765161165054050377156114651344,439172658142,71054,71054
1760057183,23543842,0x444cd420ff5c07f1ac6ae95d0a053e2cecc47502ac5c689b8c849137fbf4a25d,616,0x9a772018fbd77fcd2d25657e5c547baff3fd7d16,0x2260fac5e5542a773aa44fbcfedf7c193bc2c599,0xa0b86991c6218b36c1d19d4a2e9eb0ce3606eb48,8,6,0xfbd4cdb413e45a52e2c8312f670e9ce67e794c37,0xfbd4cdb413e45a52e2c8312f670e9ce67e794c37,zero_for_one,1119055,0,0,1362313861,1119055,-1362313861,2764915399244073260006603714844,2764915399244073260006603714844,439172658142,71052,71052
1760057207,23543844,0x2427edeefb10e4247adc7bf9e98ed265a4d51e63d483d98e886c84ead1be7220,65,0x9a772018fbd77fcd2d25657e5c547baff3fd7d16,0x2260fac5e5542a773aa44fbcfedf7c193bc2c599,0xa0b86991c6218b36c1d19d4a2e9eb0ce3606eb48,8,6,0x50bf20318ce9100ac4374ab4bed5fe4b1f8cc6b3,0xba12222222228d8ba445958a75a0704d566bf2c8,zero_for_one,502088,0,0,611150994,502088,-611150994,2764805145635667314623944210324,2764805145635667314623944210324,439172658142,71051,71051
1760057291,23543851,0x8172acb47c2fc0d9dd9f6b520ea284bf62a64e16b3465697e48e5a6777b45a00,714,0x9a772018fbd77fcd2d25657e5c547baff3fd7d16,0x2260fac5e5542a773aa44fbcfedf7c193bc2c599,0xa0b86991c6218b36c1d19d4a2e9eb0ce3606eb48,8,6,0xfbd4cdb413e45a52e2c8312f670e9ce67e794c37,0xfbd4cdb413e45a52e2c8312f670e9ce67e794c37,zero_for_one,896904,0,0,1091609859,896904,-1091609859,2764608215699853605675420829489,2764608215699853605675420829489,439172658142,71050,71050
1760057327,23543854,0x3d70ab7122f93aa7e7f8138666af639e854e3a9f5b75decad08bd862e690df08,38,0x9a772018fbd77fcd2d25657e5c547baff3fd7d16,0x2260fac5e5542a773aa44fbcfedf7c193bc2c599,0xa0b86991c6218b36c1d19d4a2e9eb0ce3606eb48,8,6,0xe592427a0aece92de3edee1f18e0157c05861564,0x3416cf6c708da44db2624d63ea0aaef7113527c6,zero_for_one,5923690,0,0,7205744052,5923690,-7205744052,2763308276256438942518486507895,2763308276256438942518486507895,439172658142,71040,71040
1760057327,23543854,0x02054035f9d0ad53e2c25cc8a0ea9f09fc80cdb416c0e1eead5a397169f94f35,360,0x9a772018fbd77fcd2d25657e5c547baff3fd7d16,0x2260fac5e5542a773aa44fbcfedf7c193bc2c599,0xa0b86991c6218b36c1d19d4a2e9eb0ce3606eb48,8,6,0xa69babef1ca67a37ffaf7a485dfff3382056e78c,0xa69babef1ca67a37ffaf7a485dfff3382056e78c,one_for_zero,0,1511191241,1241537,0,-1241537,1511191241,2763580763713272527541679844313,2763580763713272527541679844313,439172658142,71042,71042
1760057399,23543860,0xf897dc3dd0708b4db1c4de4933eb15c9cce2959dd3a2fa567400d435cdec2257,458,0x9a772018fbd77fcd2d25657e5c547baff3fd7d16,0x2260fac5e5542a773aa44fbcfedf7c193bc2c599,0xa0b86991c6218b36c1d19d4a2e9eb0ce3606eb48,8,6,0x25233ddd68dac9ac40e1e8d80c58d36b524032b2,0x25233ddd68dac9ac40e1e8d80c58d36b524032b2,one_for_zero,0,2267615896,1862528,0,-1862528,2267615896,2763989644384404089903998562552,2763989644384404089903998562552,439172658142,71045,71045
1760057459,23543865,0x041024a825e91ceba378725bfaeaae110085dbf5da9d28556c9b34c958eb9810,627,0x9a772018fbd77fcd2d25657e5c547baff3fd7d16,0x2260fac5e5542a773aa44fbcfedf7c193bc2c599,0xa0b86991c6218b36c1d19d4a2e9eb0ce3606eb48,8,6,0x51c72848c68a965f66fa7a88855f9f7784502a7f,0x51c72848c68a965f66fa7a88855f9f7784502a7f,one_for_zero,0,1038903885,853129,0,-853129,1038903885,2764176972281723703246559627964,2764176972281723703246559627964,439172658142,71046,71046
1760057507,23543869,0x2c51e917ef328c0a2fbec727ba497f861d99bf874ee9aebb334e9a60d26f2847,127,0x9a772018fbd77fcd2d25657e5c547baff3fd7d16,0x2260fac5e5542a773aa44fbcfedf7c193bc2c599,0xa0b86991c6218b36c1d19d4a2e9eb0ce3606eb48,8,6,0x50bf20318ce9100ac4374ab4bed5fe4b1f8cc6b3,0xba12222222228d8ba445958a75a0704d566bf2c8,zero_for_one,374305,0,0,455372048,374305,-455372048,2764094821697085686010056855852,2764094821697085686010056855852,439172658142,71046,71046
1760057531,23543871,0xfce5ce5d2136e5cbb13f9ef00afbc125b227ea144ccb4992c5bdf9894bafabd2,347,0x9a772018fbd77fcd2d25657e5c547baff3fd7d16,0x2260fac5e5542a773aa44fbcfedf7c193bc2c599,0xa0b86991c6218b36c1d19d4a2e9eb0ce3606eb48,8,6,0xe592427a0aece92de3edee1f18e0157c05861564,0xf5213a6a2f0890321712520b8048d9886c1a9900,one_for_zero,0,1504644208,1235456,0,-1235456,1504644208,2764366128638479435385374912219,2764366128638479435385374912219,439172658142,71048,71048
1760057591,23543876,0x64551ba15f3c70afa1734ae829a697004397f16738892882f91f925e0490aaf9,486,0x9a772018fbd77fcd2d25657e5c547baff3fd7d16,0x2260fac5e5542a773aa44fbcfedf7c193bc2c599,0xa0b86991c6218b36c1d19d4a2e9eb0ce3606eb48,8,6,0xa836912dce3b96cb9f3f1bf2406d6491ed601f66,0xa836912dce3b96cb9f3f1bf2406d6491ed601f66,one_for_zero,0,1601805755,1314968,0,-1314968,1601805755,2764654955072112670289816323305,2764654955072112670289816323305,439172658142,71050,71050
1760057627,23543879,0x980e03f4e9f40f0ade76162c2d829c4c00065ed97efe8522a91735f382e28787,418,0x9a772018fbd77fcd2d25657e5c547baff3fd7d16,0x2260fac5e5542a773aa44fbcfedf7c193bc2c599,0xa0b86991c6218b36c1d19d4a2e9eb0ce3606eb48,8,6,0x51c72848c68a965f66fa7a88855f9f7784502a7f,0x51c72848c68a965f66fa7a88855f9f7784502a7f,one_for_zero,0,1123604604,922235,0,-922235,1123604604,2764857555611783182627385959631,2764857555611783182627385959631,439172658142,71051,71051
1760057651,23543881,0x8e3233c330ff4ec356385cf5e08f7cabfc5561ea73ed4ad0f5ca6259e7a917cb,86,0x9a772018fbd77fcd2d25657e5c547baff3fd7d16,0x2260fac5e5542a773aa44fbcfedf7c193bc2c599,0xa0b86991c6218b36c1d19d4a2e9eb0ce3606eb48,8,6,0x51c72848c68a965f66fa7a88855f9f7784502a7f,0x51c72848c68a965f66fa7a88855f9f7784502a7f,one_for_zero,0,1542532978,1265864,0,-1265864,1542532978,2765135694391902509956405516815,2765135694391902509956405516815,439172658142,71053,71053
1760057651,23543881,0x461ca9a0c499f6adce33f992903a7648cbaf6e5b5453e4313f7fa288febcd3b8,245,0x9a772018fbd77fcd2d25657e5c547baff3fd7d16,0x2260fac5e5542a773aa44fbcfedf7c193bc2c599,0xa0b86991c6218b36c1d19d4a2e9eb0ce3606eb48,8,6,0xe592427a0aece92de3edee1f18e0157c05861564,0x6a000f20005980200259b80c5102003040001068,zero_for_one,165748,0,0,201789598,165748,-201789598,2765099290898146743561188046083,2765099290898146743561188046083,439172658142,71053,71053
1760057771,23543891,0x47ef320e4a723d27dc5f989655b7a781fdb0ffeafb43a2fa1ba51ee6aa4108f7,51,0x9a772018fbd77fcd2d25657e5c547baff3fd7d16,0x2260fac5e5542a773aa44fbcfedf7c193bc2c599,0xa0b86991c6218b36c1d19d4a2e9eb0ce3606eb48,8,6,0x50d3865a63d52c0a54e4679949647ea752107390,0x50d3865a63d52c0a54e4679949647ea752107390,one_for_zero,0,80025596,65666,0,-65666,80025596,2765113720555028236323839395971,2765113720555028236323839395971,439172658142,71053,71053
1760057855,23543898,0x72bc6724038cbdb06d9769981d31908ca530fab4300099fbe158cc5cb0e172c7,329,0x9a772018fbd77fcd2d25657e5c547baff3fd7d16,0x2260fac5e5542a773aa44fbcfedf7c193bc2c599,0xa0b86991c6218b36c1d19d4a2e9eb0ce3606eb48,8,6,0x3b0aa7d38bf3c103bf02d1de2e37568cbed3d6e8,0x3b0aa7d38bf3c103bf02d1de2e37568cbed3d6e8,zero_for_one,509193,0,0,619889301,509193,-619889301,2765001890527782085187566915658,2765001890527782085187566915658,439172658142,71052,71052
1760057867,23543899,0x58cba3c224680f9e54932788ceb08a6619b9dd9d40718381d4e267fc2c6dd215,179,0x9a772018fbd77fcd2d25657e5c547baff3fd7d16,0x2260fac5e5542a773aa44fbcfedf7c193bc2c599,0xa0b86991c6218b36c1d19d4a2e9eb0ce3606eb48,8,6,0x50bf20318ce9100ac4374ab4bed5fe4b1f8cc6b3,0xba12222222228d8ba445958a75a0704d566bf2c8,zero_for_one,479343,0,0,583503995,479343,-583503995,2764896624527072553964038177337,2764896624527072553964038177337,439172658142,71052,71052
1760057927,23543904,0x4ce330451df0e7030a80ae6335b897a5dcaf3650ad76a4b02a12aab9c7f5ee99,205,0x9a772018fbd77fcd2d25657e5c547baff3fd7d16,0x2260fac5e5542a773aa44fbcfedf7c193bc2c599,0xa0b86991c6218b36c1d19d4a2e9eb0ce3606eb48,8,6,0x25233ddd68dac9ac40e1e8d80c58d36b524032b2,0x25233ddd68dac9ac40e1e8d80c58d36b524032b2,one_for_zero,0,1364374474,1119641,0,-1119641,1364374474,2765142639009193894463518874374,2765142639009193894463518874374,439172658142,71053,71053
1760057951,23543906,0xaf46096800fa105fa085ce42d90a02d910ed273ab39a90987fa0dcef05b28f3f,162,0x9a772018fbd77fcd2d25657e5c547baff3fd7d16,0x2260fac5e5542a773aa44fbcfedf7c193bc2c599,0xa0b86991c6218b36c1d19d4a2e9eb0ce3606eb48,8,6,0x207e1074858a7e78f17002075739ed2745dbaece,0x207e1074858a7e78f17002075739ed2745dbaece,one_for_zero,0,1374248768,1127644,0,-1127644,1374248768,2765142835262399418324407531303,2765142835262399418324407531303,554512038590538,71053,71053
1760058167,23543923,0x55ff8102b6f37ad8cf3f6c73918fc1b5c3961918002ad9e8997118329da79f5f,512,0x9a772018fbd77fcd2d25657e5c547baff3fd7d16,0x2260fac5e5542a773aa44fbcfedf7c193bc2c599,0xa0b86991c6218b36c1d19d4a2e9eb0ce3606eb48,8,6,0xa836912dce3b96cb9f3f1bf2406d6491ed601f66,0xa836912dce3b96cb9f3f1bf2406d6491ed601f66,one_for_zero,0,1993777836,1635788,0,-1635788,1993777836,2765502339365847488638904123278,2765502339365847488638904123278,439172658142,71056,71056
1760058215,23543927,0xbb65b0d819379c82379170f3061e664f04dbdb09eda641ca4a36665830a40368,369,0x9a772018fbd77fcd2d25657e5c547baff3fd7d16,0x2260fac5e5542a773aa44fbcfedf7c193bc2c599,0xa0b86991c6218b36c1d19d4a2e9eb0ce3606eb48,8,6,0xa836912dce3b96cb9f3f1bf2406d6491ed601f66,0xa836912dce3b96cb9f3f1bf2406d6491ed601f66,one_for_zero,0,1960204423,1607828,0,-1607828,1960204423,2765855789745667511685938891799,2765855789745667511685938891799,439172658142,71059,71059
1760058539,23543954,0x3be5d833a3c0267c6cb954e76e3dfaec85a246598682653f9d41f13637f8f9e1,445,0x9a772018fbd77fcd2d25657e5c547baff3fd7d16,0x2260fac5e5542a773aa44fbcfedf7c193bc2c599,0xa0b86991c6218b36c1d19d4a2e9eb0ce3606eb48,8,6,0x50bf20318ce9100ac4374ab4bed5fe4b1f8cc6b3,0x50bf20318ce9100ac4374ab4bed5fe4b1f8cc6b3,zero_for_one,190595,0,0,232159265,190595,-232159265,2765813907466147061047687298024,2765813907466147061047687298024,439172658142,71058,71058
1760058539,23543954,0x3be5d833a3c0267c6cb954e76e3dfaec85a246598682653f9d41f13637f8f9e1,452,0x9a772018fbd77fcd2d25657e5c547baff3fd7d16,0x2260fac5e5542a773aa44fbcfedf7c193bc2c599,0xa0b86991c6218b36c1d19d4a2e9eb0ce3606eb48,8,6,0x50bf20318ce9100ac4374ab4bed5fe4b1f8cc6b3,0x50bf20318ce9100ac4374ab4bed5fe4b1f8cc6b3,zero_for_one,119431,0,0,145472685,119431,-145472685,2765787663724999797197791697436,2765787663724999797197791697436,439172658142,71058,71058
1760058575,23543957,0xabffc44000fe7f684ebb1a900189b90e242faac312f207f17eb897fa02a5b3b8,588,0x9a772018fbd77fcd2d25657e5c547baff3fd7d16,0x2260fac5e5542a773aa44fbcfedf7c193bc2c599,0xa0b86991c6218b36c1d19d4a2e9eb0ce3606eb48,8,6,0x50bf20318ce9100ac4374ab4bed5fe4b1f8cc6b3,0xba12222222228d8ba445958a75a0704d566bf2c8,zero_for_one,475194,0,0,578781917,475194,-578781917,2765683249602375691013693817061,2765683249602375691013693817061,439172658142,71057,71057
1760058875,23543982,0xc84d9ba55315c7e4e00066c6db2ca24af96be27c6888ce85a55df62e89ec5894,170,0x9a772018fbd77fcd2d25657e5c547baff3fd7d16,0x2260fac5e5542a773aa44fbcfedf7c193bc2c599,0xa0b86991c6218b36c1d19d4a2e9eb0ce3606eb48,8,6,0x50bf20318ce9100ac4374ab4bed5fe4b1f8cc6b3,0xba12222222228d8ba445958a75a0704d566bf2c8,zero_for_one,452528,0,0,551134471,452528,-551134471,2765583823168088239193355390847,2765583823168088239193355390847,439172658142,71057,71057
1760058983,23543991,0x47756782041eacbef6fda5c42d4cacecd5b8d7f7dc2b0c8b0edc6944200c976c,9,0x9a772018fbd77fcd2d25657e5c547baff3fd7d16,0x2260fac5e5542a773aa44fbcfedf7c193bc2c599,0xa0b86991c6218b36c1d19d4a2e9eb0ce3606eb48,8,6,0x1d94bedcb3641ba060091ed090d28bbdccdb7f1d,0x2102ab11a3c74b1d543891020969dc3d46c132ab,one_for_zero,0,131126775,107561,0,-107561,131126775,2765607467032823249313376913814,2765607467032823249313376913814,439172658142,71057,71057
1760059091,23544000,0x3193379c8f3be558d084152d71f8aef359343c6f516e96465d78f9f1ffacc386,121,0x9a772018fbd77fcd2d25657e5c547baff3fd7d16,0x2260fac5e5542a773aa44fbcfedf7c193bc2c599,0xa0b86991c6218b36c1d19d4a2e9eb0ce3606eb48,8,6,0x365084b05fa7d5028346bd21d842ed0601bab5b8,0x365084b05fa7d5028346bd21d842ed0601bab5b8,one_for_zero,0,127609788,104674,0,-104674,127609788,2765630476739101225794710457482,2765630476739101225794710457482,439172658142,71057,71057
1760059199,23544009,0x020ad5c8a318a2612fccabd250d7356ca224f0fb210cfe6e6ec1c341350e8d54,123,0x9a772018fbd77fcd2d25657e5c547baff3fd7d16,0x2260fac5e5542a773aa44fbcfedf7c193bc2c599,0xa0b86991c6218b36c1d19d4a2e9eb0ce3606eb48,8,6,0x50bf20318ce9100ac4374ab4bed5fe4b1f8cc6b3,0xba12222222228d8ba445958a75a0704d566bf2c8,zero_for_one,458821,0,0,558776437,458821,-558776437,2765529671669525461657870847728,2765529671669525461657870847728,439172658142,71056,71056
1760059427,23544028,0x3088e7287db1ac4d271a2b8619cc17e16fba1c98574a6aad6713642b8f33da10,1132,0x9a772018fbd77fcd2d25657e5c547baff3fd7d16,0x2260fac5e5542a773aa44fbcfedf7c193bc2c599,0xa0b86991c6218b36c1d19d4a2e9eb0ce3606eb48,8,6,0xfbd4cdb413e45a52e2c8312f670e9ce67e794c37,0xfbd4cdb413e45a52e2c8312f670e9ce67e794c37,zero_for_one,874582,0,0,1065001662,874582,-1065001662,2765337541938326036892773990853,2765337541938326036892773990853,439172658142,71055,71055
1760059463,23544031,0xbda8dcee391cf741cd095aba63016787969d03a47ddec78a91d36d34cb0a257e,169,0x9a772018fbd77fcd2d25657e5c547baff3fd7d16,0x2260fac5e5542a773aa44fbcfedf7c193bc2c599,0xa0b86991c6218b36c1d19d4a2e9eb0ce3606eb48,8,6,0xa69babef1ca67a37ffaf7a485dfff3382056e78c,0xa69babef1ca67a37ffaf7a485dfff3382056e78c,zero_for_one,1006477,0,0,1225430642,1006477,-1225430642,2765116470302223686230514250281,2765116470302223686230514250281,439172658142,71053,71053
1760059511,23544035,0x82a9674f067cad2b340229f70cd5da91b0e18b02b265624f0aa46218748518ea,480,0x9a772018fbd77fcd2d25657e5c547baff3fd7d16,0x2260fac5e5542a773aa44fbcfedf7c193bc2c599,0xa0b86991c6218b36c1d19d4a2e9eb0ce3606eb48,8,6,0x3b0aa7d38bf3c103bf02d1de2e37568cbed3d6e8,0x3b0aa7d38bf3c103bf02d1de2e37568cbed3d6e8,zero_for_one,509852,0,0,620693169,509852,-620693169,2765004495254671636511818994701,2765004495254671636511818994701,439172658142,71052,71052
1760059523,23544036,0xc6b6745ada1bc23a31c11245775704656336a31b860538728fab13de14718ed4,140,0x9a772018fbd77fcd2d25657e5c547baff3fd7d16,0x2260fac5e5542a773aa44fbcfedf7c193bc2c599,0xa0b86991c6218b36c1d19d4a2e9eb0ce3606eb48,8,6,0x50bf20318ce9100ac4374ab4bed5fe4b1f8cc6b3,0xba12222222228d8ba445958a75a0704d566bf2c8,zero_for_one,459029,0,0,558776753,459029,-558776753,2764903690128088454243742997036,2764903690128088454243742997036,439172658142,71052,71052
1760059547,23544038,0x6538bf5dea2df9082271ded116ffee8796097c91d3a468ef32149f2083462012,368,0x9a772018fbd77fcd2d25657e5c547baff3fd7d16,0x2260fac5e5542a773aa44fbcfedf7c193bc2c599,0xa0b86991c6218b36c1d19d4a2e9eb0ce3606eb48,8,6,0xe592427a0aece92de3edee1f18e0157c05861564,0x410b72ccfeacbb20a31785edaa358d25a07e143d,one_for_zero,0,111210203,91269,0,-91269,111210203,2764923742775520062072255385928,2764923742775520062072255385928,439172658142,71052,71052
1760059547,23544038,0xb441304ad1c8dc8be25d504bf89163a559793e431f4fb2d8a09868c5c8847eaf,462,0x9a772018fbd77fcd2d25657e5c547baff3fd7d16,0x2260fac5e5542a773aa44fbcfedf7c193bc2c599,0xa0b86991c6218b36c1d19d4a2e9eb0ce3606eb48,8,6,0x1f2f10d1c40777ae1da742455c65828ff36df387,0x1f2f10d1c40777ae1da742455c65828ff36df387,one_for_zero,0,360032446,295465,0,-295465,360032446,2764988661313132543258846333665,2764988661313132543258846333665,439172658142,71052,71052
1760059727,23544052,0xc02ac8cbef3622637e675ae8693f1319cdf51a70d65ca503777604c4f454bde3,359,0x9a772018fbd77fcd2d25657e5c547baff3fd7d16,0x2260fac5e5542a773aa44fbcfedf7c193bc2c599,0xa0b86991c6218b36c1d19d4a2e9eb0ce3606eb48,8,6,0x5dc24c79f898c358c5a52013ab58fe7dc592f3e4,0x4ab6702b3ed3877e9b1f203f90cbef13d663b0e8,one_for_zero,0,100072831,82123,0,-82123,100072831,2765006705747437013265787045263,2765006705747437013265787045263,439172658142,71052,71052
1760059751,23544054,0x3da97b179bf2c1df91a55dd1b4acab69df24c93c57f55c18033deacb2ba715bf,365,0x9a772018fbd77fcd2d25657e5c547baff3fd7d16,0x2260fac5e5542a773aa44fbcfedf7c193bc2c599,0xa0b86991c6218b36c1d19d4a2e9eb0ce3606eb48,8,6,0x5dc24c79f898c358c5a52013ab58fe7dc592f3e4,0x4ab6702b3ed3877e9b1f203f90cbef13d663b0e8,one_for_zero,0,100072824,82122,0,-82122,100072824,2765024750180478660719187710294,2765024750180478660719187710294,439172658142,71053,71053
1760059763,23544055,0xb4b2efcbfdaa361ff48f78b822060b8a9d5148b03d871aa165e4b5bf2591447b,200,0x9a772018fbd77fcd2d25657e5c547baff3fd7d16,0x2260fac5e5542a773aa44fbcfedf7c193bc2c599,0xa0b86991c6218b36c1d19d4a2e9eb0ce3606eb48,8,6,0xa836912dce3b96cb9f3f1bf2406d6491ed601f66,0xa836912dce3b96cb9f3f1bf2406d6491ed601f66,one_for_zero,0,1958931318,1607339,0,-1607339,1958931318,2765377971002971675481083075156,2765377971002971675481083075156,439172658142,71055,71055
1760059811,23544059,0xeb515b59772b62350974c160841e5f66e28cd5c35521bf6757ec7b80e1d85eee,348,0x9a772018fbd77fcd2d25657e5c547baff3fd7d16,0x2260fac5e5542a773aa44fbcfedf7c193bc2c599,0xa0b86991c6218b36c1d19d4a2e9eb0ce3606eb48,8,6,0xffcb2bbd8c94d7671feab47d2bc5484b4e23f018,0x9008d19f58aabd9ed0d60971565aa8510560ab41,zero_for_one,12379,0,0,15072639,12379,-15072639,2765375251850226247167376964565,2765375251850226247167376964565,439172658142,71055,71055
1760059835,23544061,0xdfb83b4062bebb11ebf458040562d4132c7e4fef501ddfc346b730dcdf0bfca1,283,0x9a772018fbd77fcd2d25657e5c547baff3fd7d16,0x2260fac5e5542a773aa44fbcfedf7c193bc2c599,0xa0b86991c6218b36c1d19d4a2e9eb0ce3606eb48,8,6,0xe08d97e151473a848c3d9ca3f323cb720472d015,0xba12222222228d8ba445958a75a0704d566bf2c8,zero_for_one,458906,0,0,558777056,458906,-558777056,2765274446668980888653210379758,2765274446668980888653210379758,439172658142,71054,71054
1760059847,23544062,0xde8845640dee08e1e9d28dca627ae891cefab54b5ca25f748724ad0e6578578d,308,0x9a772018fbd77fcd2d25657e5c547baff3fd7d16,0x2260fac5e5542a773aa44fbcfedf7c193bc2c599,0xa0b86991c6218b36c1d19d4a2e9eb0ce3606eb48,8,6,0xa836912dce3b96cb9f3f1bf2406d6491ed601f66,0xa836912dce3b96cb9f3f1bf2406d6491ed601f66,one_for_zero,0,1586047456,1301178,0,-1301178,1586047456,2765560431676099305240471817619,2765560431676099305240471817619,439172658142,71056,71056
1760060015,23544076,0xa8bc23f6bf2c38473670bf9efe59f3a1902a5695b7697d3d2994e167e8b9e7f8,392,0x9a772018fbd77fcd2d25657e5c547baff3fd7d16,0x2260fac5e5542a773aa44fbcfedf7c193bc2c599,0xa0b86991c6218b36c1d19d4a2e9eb0ce3606eb48,8,6,0x50bf20318ce9100ac4374ab4bed5fe4b1f8cc6b3,0x50bf20318ce9100ac4374ab4bed5fe4b1f8cc6b3,zero_for_one,165915,0,0,202055070,165915,-202055070,2765523980290438021323429967726,2765523980290438021323429967726,439172658142,71056,71056
1760060015,23544076,0xa8bc23f6bf2c38473670bf9efe59f3a1902a5695b7697d3d2994e167e8b9e7f8,399,0x9a772018fbd77fcd2d25657e5c547baff3fd7d16,0x2260fac5e5542a773aa44fbcfedf7c193bc2c599,0xa0b86991c6218b36c1d19d4a2e9eb0ce3606eb48,8,6,0x50bf20318ce9100ac4374ab4bed5fe4b1f8cc6b3,0x50bf20318ce9100ac4374ab4bed5fe4b1f8cc6b3,zero_for_one,103967,0,0,126610681,103967,-126610681,2765501139315648482391931691464,2765501139315648482391931691464,439172658142,71056,71056
1760060207,23544092,0x5e79eedbbf89ed790623c87ef40157395888b8cc4308a07edde3f06243483689,135,0x9a772018fbd77fcd2d25657e5c547baff3fd7d16,0x2260fac5e5542a773aa44fbcfedf7c193bc2c599,0xa0b86991c6218b36c1d19d4a2e9eb0ce3606eb48,8,6,0x50bf20318ce9100ac4374ab4bed5fe4b1f8cc6b3,0xba12222222228d8ba445958a75a0704d566bf2c8,zero_for_one,458864,0,0,558777418,458864,-558777418,2765400334069097157537551269874,2765400334069097157537551269874,439172658142,71055,71055
1760060327,23544102,0x2708b653c0be02e0d18ecc45f04837c22ec3d6ca468f7d44f36988525479de37,120,0x9a772018fbd77fcd2d25657e5c547baff3fd7d16,0x2260fac5e5542a773aa44fbcfedf7c193bc2c599,0xa0b86991c6218b36c1d19d4a2e9eb0ce3606eb48,8,6,0x207e1074858a7e78f17002075739ed2745dbaece,0x207e1074858a7e78f17002075739ed2745dbaece,zero_for_one,30963,0,0,37702863,30963,-37702863,2765393532350960289443781065914,2765393532350960289443781065914,439172658142,71055,71055
1760060339,23544103,0x7a548ce8da3ab6e7fca06baee5e0d2520f67f09460c5fa165ac0951cf2b9052b,514,0x9a772018fbd77fcd2d25657e5c547baff3fd7d16,0x2260fac5e5542a773aa44fbcfedf7c193bc2c599,0xa0b86991c6218b36c1d19d4a2e9eb0ce3606eb48,8,6,0xfbd4cdb413e45a52e2c8312f670e9ce67e794c37,0xfbd4cdb413e45a52e2c8312f670e9ce67e794c37,zero_for_one,979479,0,0,1192610806,979479,-1192610806,2765178381518971174053866779833,2765178381518971174053866779833,439172658142,71054,71054
1760060351,23544104,0x8496e9fb674be071513a25bc4e3d88dbdb486494030f26da1dc7cfe5370e0fe4,242,0x9a772018fbd77fcd2d25657e5c547baff3fd7d16,0x2260fac5e5542a773aa44fbcfedf7c193bc2c599,0xa0b86991c6218b36c1d19d4a2e9eb0ce3606eb48,8,6,0x5141b82f5ffda4c6fe1e372978f1c5427640a190,0x1111111254eeb25477b68fb85ed929f73a960582,zero_for_one,642559,0,0,782276519,642559,-782276519,2765037256314381573556965227009,2765037256314381573556965227009,439172658142,71053,71053
1760060411,23544109,0xd22083e6d075b78701730a4ca16a2d47d8865bcba23d6fa3a1456745274be52e,497,0x9a772018fbd77fcd2d25657e5c547baff3fd7d16,0x2260fac5e5542a773aa44fbcfedf7c193bc2c599,0xa0b86991c6218b36c1d19d4a2e9eb0ce3606eb48,8,6,0x51c72848c68a965f66fa7a88855f9f7784502a7f,0x51c72848c68a965f66fa7a88855f9f7784502a7f,zero_for_one,859582,0,0,1046364899,859582,-1046364899,2764848488715225787400301746891,2764848488715225787400301746891,439172658142,71051,71051
1760060423,23544110,0x7c431ea3a95f1500fc15987ca0b7cea502c62e81c2eb977d33eac38fa8108a05,241,0x9a772018fbd77fcd2d25657e5c547baff3fd7d16,0x2260fac5e5542a773aa44fbcfedf7c193bc2c599,0xa0b86991c6218b36c1d19d4a2e9eb0ce3606eb48,8,6,0x51c72848c68a965f66fa7a88855f9f7784502a7f,0x51c72848c68a965f66fa7a88855f9f7784502a7f,zero_for_one,1729499,0,0,2104877895,1729499,-2104877895,2764468761961023159263455532657,2764468761961023159263455532657,439172658142,71048,71048
1760060435,23544111,0x6452fb14168c7bf00475e136b1d70f3a57a985cd97e7ccb47e26280064883b54,64,0x9a772018fbd77fcd2d25657e5c547baff3fd7d16,0x2260fac5e5542a773aa44fbcfedf7c193bc2c599,0xa0b86991c6218b36c1d19d4a2e9eb0ce3606eb48,8,6,0xfbd4cdb413e45a52e2c8312f670e9ce67e794c37,0xfbd4cdb413e45a52e2c8312f670e9ce67e794c37,zero_for_one,1095766,0,0,1333297271,1095766,-1333297271,2764228230837488005901437715003,2764228230837488005901437715003,439172658142,71047,71047
1760060447,23544112,0xeefa0c09da8a4779ea6c66a1340bfb842a49608fdf87ba7545ea43d603d53fa5,568,0x9a772018fbd77fcd2d25657e5c547baff3fd7d16,0x2260fac5e5542a773aa44fbcfedf7c193bc2c599,0xa0b86991c6218b36c1d19d4a2e9eb0ce3606eb48,8,6,0x51c72848c68a965f66fa7a88855f9f7784502a7f,0x51c72848c68a965f66fa7a88855f9f7784502a7f,zero_for_one,822249,0,0,1000336151,822249,-1000336151,2764047766972658213264667726946,2764047766972658213264667726946,439172658142,71045,71045
1760060483,23544115,0x43fed09231a0357f3712fe2bd57cd0b719cda70a795b0768a5bca46c34cc07b7,209,0x9a772018fbd77fcd2d25657e5c547baff3fd7d16,0x2260fac5e5542a773aa44fbcfedf7c193bc2c599,0xa0b86991c6218b36c1d19d4a2e9eb0ce3606eb48,8,6,0x51c72848c68a965f66fa7a88855f9f7784502a7f,0x51c72848c68a965f66fa7a88855f9f7784502a7f,zero_for_one,1605454,0,0,1952797252,1605454,-1952797252,2763695476056594726719436353944,2763695476056594726719436353944,439172658142,71043,71043
1760060495,23544116,0xd0e6741a37a8780da602b582552f7d61592bd10bf84961282b7b66b2e1e1eecd,153,0x9a772018fbd77fcd2d25657e5c547baff3fd7d16,0x2260fac5e5542a773aa44fbcfedf7c193bc2c599,0xa0b86991c6218b36c1d19d4a2e9eb0ce3606eb48,8,6,0x3b0aa7d38bf3c103bf02d1de2e37568cbed3d6e8,0x3b0aa7d38bf3c103bf02d1de2e37568cbed3d6e8,zero_for_one,510011,0,0,620247636,510011,-620247636,2763583581384503525126665186168,2763583581384503525126665186168,439172658142,71042,71042
1760060495,23544116,0x9dcce83fceb4ad106cd4c418c006c918a972cfa57c1d1e33735e72021613cbff,214,0x9a772018fbd77fcd2d25657e5c547baff3fd7d16,0x2260fac5e5542a773aa44fbcfedf7c193bc2c599,0xa0b86991c6218b36c1d19d4a2e9eb0ce3606eb48,8,6,0x50bf20318ce9100ac4374ab4bed5fe4b1f8cc6b3,0xba12222222228d8ba445958a75a0704d566bf2c8,zero_for_one,397010,0,0,482786838,397010,-482786838,2763496485083420855871127851285,2763496485083420855871127851285,439172658142,71041,71041
1760060567,23544122,0x0c8aabd8bcbf1d0d0f776c6c618d5c0a5586efd45df87e9c600853b69ac2670e,121,0x9a772018fbd77fcd2d25657e5c547baff3fd7d16,0x2260fac5e5542a773aa44fbcfedf7c193bc2c599,0xa0b86991c6218b36c1d19d4a2e9eb0ce3606eb48,8,6,0x06cff7088619c7178f5e14f0b119458d08d2f5ef,0x06cff7088619c7178f5e14f0b119458d08d2f5ef,zero_for_one,144618,0,0,175855822,144618,-175855822,2763464760126362707650363171695,2763464760126362707650363171695,439172658142,71041,71041
1760060579,23544123,0x3592b7c53aa4e2839e3a9df0fe934c769b48f0eb4888ff3b990dfabe03f97fc7,272,0x9a772018fbd77fcd2d25657e5c547baff3fd7d16,0x2260fac5e5542a773aa44fbcfedf7c193bc2c599,0xa0b86991c6218b36c1d19d4a2e9eb0ce3606eb48,8,6,0x06cff7088619c7178f5e14f0b119458d08d2f5ef,0x5777d92f208679db4b9778590fa3cab3ac9e2168,zero_for_one,66796,0,0,81222383,66796,-81222383,2763450107346689168554662771949,2763450107346689168554662771949,439172658142,71041,71041
1760060663,23544130,0x295dff080e7c237cbee5d4d38abb5410fd0f20208af64a23ebbb3d970a1f7a7d,80,0x9a772018fbd77fcd2d25657e5c547baff3fd7d16,0x2260fac5e5542a773aa44fbcfedf7c193bc2c599,0xa0b86991c6218b36c1d19d4a2e9eb0ce3606eb48,8,6,0xe592427a0aece92de3edee1f18e0157c05861564,0x6a000f20005980200259b80c5102003040001068,zero_for_one,5578774,0,0,6780681136,5578774,-6780681136,2762226850622785989323246432146,2762226850622785989323246432146,439172658142,71032,71032
1760060687,23544132,0xe896769c87516ebf76b4eb71f7d1c8d3f5096f107fa797a61d71cfe12fca06e5,138,0x9a772018fbd77fcd2d25657e5c547baff3fd7d16,0x2260fac5e5542a773aa44fbcfedf7c193bc2c599,0xa0b86991c6218b36c1d19d4a2e9eb0ce3606eb48,8,6,0x66a9893cc07d91d95644aedd05d03f95e1dba8af,0x66a9893cc07d91d95644aedd05d03f95e1dba8af,one_for_zero,0,780000000,641350,0,-641350,780000000,2762367494778638182995331298817,2762367494778638182995331298817,439172658142,71033,71033
1760060747,23544137,0xafca42eee17919c544616e6e3fa1dab9e466b608ffccb3e919334f1a8940b56e,303,0x9a772018fbd77fcd2d25657e5c547baff3fd7d16,0x2260fac5e5542a773aa44fbcfedf7c193bc2c599,0xa0b86991c6218b36c1d19d4a2e9eb0ce3606eb48,8,6,0xa69babef1ca67a37ffaf7a485dfff3382056e78c,0xa69babef1ca67a37ffaf7a485dfff3382056e78c,one_for_zero,0,1078568341,886739,0,-886739,1078568341,2762561974693672598557842872880,2762561974693672598557842872880,439172658142,71035,71035
1760060771,23544139,0x13aa212f84ae419ae4c1f27a1959fdd83e0eb9dabea0ee4f15d45ec3d1bac057,113,0x9a772018fbd77fcd2d25657e5c547baff3fd7d16,0x2260fac5e5542a773aa44fbcfedf7c193bc2c599,0xa0b86991c6218b36c1d19d4a2e9eb0ce3606eb48,8,6,0x207e1074858a7e78f17002075739ed2745dbaece,0x207e1074858a7e78f17002075739ed2745dbaece,one_for_zero,0,176452368,145057,0,-145057,176452368,2762593791352942672389557298284,2762593791352942672389557298284,439172658142,71035,71035
1760060819,23544143,0x3f650d9b2a3e16a9b1add9e7f30836d4511bc9cda232de319fa602fabafcfc8b,75,0x9a772018fbd77fcd2d25657e5c547baff3fd7d16,0x2260fac5e5542a773aa44fbcfedf7c193bc2c599,0xa0b86991c6218b36c1d19d4a2e9eb0ce3606eb48,8,6,0x50bf20318ce9100ac4374ab4bed5fe4b1f8cc6b3,0xba12222222228d8ba445958a75a0704d566bf2c8,zero_for_one,433192,0,0,526407355,433192,-526407355,2762498825770050763560950774509,2762498825770050763560950774509,439172658142,71034,71034
1760060927,23544152,0x239487ba1fa6a79eb9179b542bec6dee9fb6654551335c044254299983a140bc,449,0x9a772018fbd77fcd2d25657e5c547baff3fd7d16,0x2260fac5e5542a773aa44fbcfedf7c193bc2c599,0xa0b86991c6218b36c1d19d4a2e9eb0ce3606eb48,8,6,0xe592427a0aece92de3edee1f18e0157c05861564,0xe592427a0aece92de3edee1f18e0157c05861564,one_for_zero,0,22288156,18323,0,-18323,22288156,2762502844614610229233283306118,2762502844614610229233283306118,439172658142,71034,71034
1760060951,23544154,0x87d4b8549a2d2ce16128715742807f447e99b4484344ef5005dea4d3301b89dd,168,0x9a772018fbd77fcd2d25657e5c547baff3fd7d16,0x2260fac5e5542a773aa44fbcfedf7c193bc2c599,0xa0b86991c6218b36c1d19d4a2e9eb0ce3606eb48,8,6,0xa69babef1ca67a37ffaf7a485dfff3382056e78c,0xa69babef1ca67a37ffaf7a485dfff3382056e78c,one_for_zero,0,2640212388,2170203,0,-2170203,2640212388,2762978909284440163249242311051,2762978909284440163249242311051,439172658142,71038,71038
1760061131,23544169,0x3026bc6e38375d24ed14ac68498b67316a31c6389756d8a2129ee554dc85676c,41,0x9a772018fbd77fcd2d25657e5c547baff3fd7d16,0x2260fac5e5542a773aa44fbcfedf7c193bc2c599,0xa0b86991c6218b36c1d19d4a2e9eb0ce3606eb48,8,6,0xfbd4cdb413e45a52e2c8312f670e9ce67e794c37,0xfbd4cdb413e45a52e2c8312f670e9ce67e794c37,one_for_zero,0,2172108962,1784871,0,-1784871,2172108962,2763370568811756116826411269878,2763370568811756116826411269878,439172658142,71041,71041
1760061131,23544169,0x7d8abb9f6d40e917d523e07310c48ce7ebac192906a263cace11c6a0e4c741d1,111,0x9a772018fbd77fcd2d25657e5c547baff3fd7d16,0x2260fac5e5542a773aa44fbcfedf7c193bc2c599,0xa0b86991c6218b36c1d19d4a2e9eb0ce3606eb48,8,6,0x06cff7088619c7178f5e14f0b119458d08d2f5ef,0x06cff7088619c7178f5e14f0b119458d08d2f5ef,one_for_zero,0,175229877,143968,0,-143968,175229877,2763402165040117776806902835923,2763402165040117776806902835923,439172658142,71041,71041
1760061143,23544170,0xe717793eca9de34065e04f416c7a9f8bdf565e0258649fb271cea4ec6c9000a4,176,0x9a772018fbd77fcd2d25657e5c547baff3fd7d16,0x2260fac5e5542a773aa44fbcfedf7c193bc2c599,0xa0b86991c6218b36c1d19d4a2e9eb0ce3606eb48,8,6,0xa69babef1ca67a37ffaf7a485dfff3382056e78c,0xa69babef1ca67a37ffaf7a485dfff3382056e78c,one_for_zero,0,3610554699,2965687,0,-2965687,3610554699,2764053195062776321200496196666,2764053195062776321200496196666,439172658142,71045,71045
1760061167,23544172,0x7fc75efe2fc0afca49b9e3e249f8b6affdb42b9f384667284ff0551783cfde83,139,0x9a772018fbd77fcd2d25657e5c547baff3fd7d16,0x2260fac5e5542a773aa44fbcfedf7c193bc2c599,0xa0b86991c6218b36c1d19d4a2e9eb0ce3606eb48,8,6,0x50bf20318ce9100ac4374ab4bed5fe4b1f8cc6b3,0xba12222222228d8ba445958a75a0704d566bf2c8,zero_for_one,485957,0,0,591149028,485957,-591149028,2763946549873481795987991585813,2763946549873481795987991585813,439172658142,71045,71045
1760061179,23544173,0x141886d5a8789b498f9c292910dcdfaef40024c89a93ba70fc9d8305bacf3b76,591,0x9a772018fbd77fcd2d25657e5c547baff3fd7d16,0x2260fac5e5542a773aa44fbcfedf7c193bc2c599,0xa0b86991c6218b36c1d19d4a2e9eb0ce3606eb48,8,6,0xa69babef1ca67a37ffaf7a485dfff3382056e78c,0xa69babef1ca67a37ffaf7a485dfff3382056e78c,one_for_zero,0,722842098,593616,0,-593616,722842098,2764076887715217461564742521283,2764076887715217461564742521283,439172658142,71046,71046
1760061215,23544176,0x75588cb08c700acee8ba96144aabc294c5a10a8df6b0ca2003182a0c29747857,63,0x9a772018fbd77fcd2d25657e5c547baff3fd7d16,0x2260fac5e5542a773aa44fbcfedf7c193bc2c599,0xa0b86991c6218b36c1d19d4a2e9eb0ce3606eb48,8,6,0x63242a4ea82847b20e506b63b0e2e2eff0cc6cb0,0x63242a4ea82847b20e506b63b0e2e2eff0cc6cb0,zero_for_one,41949,0,0,51032138,41949,-51032138,2764067681352925630033355139037,2764067681352925630033355139037,439172658142,71046,71046
1760061455,23544195,0x658d2a333b6580cf57de63394aa866070a7f66d38aedf57ea4bd08a50842c553,117,0x9a772018fbd77fcd2d25657e5c547baff3fd7d16,0x2260fac5e5542a773aa44fbcfedf7c193bc2c599,0xa0b86991c6218b36c1d19d4a2e9eb0ce3606eb48,8,6,0x3b0aa7d38bf3c103bf02d1de2e37568cbed3d6e8,0x3b0aa7d38bf3c103bf02d1de2e37568cbed3d6e8,zero_for_one,509251,0,0,619490981,509251,-619490981,2763955923183988201144511454020,2763955923183988201144511454020,439172658142,71045,71045
1760061455,23544195,0xf0ba1d40c5dd109c36a4683757a2e62ba924b5ac15d1d906c7717e0f630ae8dd,178,0x9a772018fbd77fcd2d25657e5c547baff3fd7d16,0x2260fac5e5542a773aa44fbcfedf7c193bc2c599,0xa0b86991c6218b36c1d19d4a2e9eb0ce3606eb48,8,6,0x50bf20318ce9100ac4374ab4bed5fe4b1f8cc6b3,0xba12222222228d8ba445958a75a0704d566bf2c8,zero_for_one,453096,0,0,551136948,453096,-551136948,2763856496302841968592930835230,2763856496302841968592930835230,439172658142,71044,71044
